city_name,first_code,generatedId,id,py_code,station_name
北京,bjb,0,VAP,Beijingbei,北京北
北京,bjd,0,BOP,Beijingdong,北京东
北京,bj,0,BJP,Beijing,北京
北京,bjn,0,VNP,Beijingnan,北京南
北京,bjx,0,BXP,Beijingxi,北京西
广州,gzn,0,IZQ,Guangzhounan,广州南
重庆,cqb,0,CUW,Chongqingbei,重庆北
重庆,cq,0,CQW,Chongqing,重庆
重庆,cqn,0,CRW,Chongqingnan,重庆南
广州,gzd,0,GGQ,Guangzhoudong,广州东
上海,sh,0,SHH,Shanghai,上海
上海,shn,0,SNH,Shanghainan,上海南
上海,shhq,0,AOH,Shanghaihongqiao,上海虹桥
上海,shx,0,SXH,Shanghaixi,上海西
天津,tjb,0,TBP,Tianjinbei,天津北
天津,tj,0,TJP,Tianjin,天津
天津,tjn,0,TIP,Tianjinnan,天津南
天津,tjx,0,TXP,Tianjinxi,天津西
长春,cc,0,CCT,Changchun,长春
长春,ccn,0,CET,Changchunnan,长春南
长春,ccx,0,CRT,Changchunxi,长春西
成都,cdd,0,ICW,Chengdudong,成都东
成都,cdn,0,CNW,Chengdunan,成都南
成都,cd,0,CDW,Chengdu,成都
长沙,cs,0,CSQ,Changsha,长沙
长沙,csn,0,CWQ,Changshanan,长沙南
福州,fz,0,FZS,Fuzhou,福州
福州,fzn,0,FYS,Fuzhounan,福州南
贵阳,gy,0,GIW,Guiyang,贵阳
广州,gz,0,GZQ,Guangzhou,广州
广州,gzx,0,GXQ,Guangzhouxi,广州西
哈尔滨,heb,0,HBB,Ha'erbin,哈尔滨
哈尔滨,hebd,0,VBB,Ha'erbindong,哈尔滨东
哈尔滨,hebx,0,VAB,Ha'erbinxi,哈尔滨西
合肥,hf,0,HFH,Hefei,合肥
合肥,hfx,0,HTH,Hefeixi,合肥西
呼和浩特,hhhtd,0,NDC,Huhehaotedong,呼和浩特东
呼和浩特,hhht,0,HHC,Huhehaote,呼和浩特
海口,hkd,0,KEQ,Haikoudong,海  口东
海口,hkd,0,HMQ,Haikoudong,海口东
海口,hk,0,VUQ,Haikou,海口
杭州,hzd,0,HGH,Hangzhoudong,杭州东
杭州,hz,0,HZH,Hangzhou,杭州
杭州,hzn,0,XHH,Hangzhounan,杭州南
济南,jn,0,JNK,Jinan,济南
济南,jnd,0,JAK,Jinandong,济南东
济南,jnx,0,JGK,Jinanxi,济南西
昆明,km,0,KMM,Kunming,昆明
昆明,kmx,0,KXM,Kunmingxi,昆明西
拉萨,ls,0,LSO,Lasa,拉萨
兰州,lzd,0,LVJ,Lanzhoudong,兰州东
兰州,lz,0,LZJ,Lanzhou,兰州
兰州,lzx,0,LAJ,Lanzhouxi,兰州西
南昌,nc,0,NCG,Nanchang,南昌
南京,nj,0,NJH,Nanjing,南京
南京,njn,0,NKH,Nanjingnan,南京南
南宁,nn,0,NNZ,Nanning,南宁
石家庄,sjzb,0,VVP,Shijiazhuangbei,石家庄北
石家庄,sjz,0,SJP,Shijiazhuang,石家庄
沈阳,sy,0,SYT,Shenyang,沈阳
沈阳,syb,0,SBT,Shenyangbei,沈阳北
沈阳,syd,0,SDT,Shenyangdong,沈阳东
太原,tyb,0,TBV,Taiyuanbei,太原北
太原,tyd,0,TDV,Taiyuandong,太原东
太原,ty,0,TYV,Taiyuan,太原
武汉,wh,0,WHN,Wuhan,武汉
昆明,wjyx,0,KNM,Wangjiayingxi,王家营西
乌鲁木齐,wlmqn,0,WMR,Wulumuqinan,乌鲁木齐南
西安,xab,0,EAY,Xi'anbei,西安北
西安,xa,0,XAY,Xi'an,西安
西安,xan,0,CAY,Xi'annan,西安南
西宁,xn,0,XNO,Xining,西宁
银川,yc,0,YIJ,Yinchuan,银川
郑州,zz,0,ZZF,Zhengzhou,郑州
阿尔山,aes,0,ART,A'ershan,阿尔山
安康,ak,0,AKY,Ankang,安康
阿克苏,aks,0,ASR,Akesu,阿克苏
阿里河,alh,0,AHX,Alihe,阿里河
博乐,alsk,0,AKR,Alashankou,阿拉山口
辽阳,ap,0,APT,Anping,安平
安庆,aq,0,AQH,Anqing,安庆
安顺,as,0,ASW,Anshun,安顺
鞍山,as,0,AST,Anshan,鞍山
安阳,ay,0,AYF,Anyang,安阳
北安,ba,0,BAB,Bei'an,北安
蚌埠,bb,0,BBH,Bengbu,蚌埠
白城,bc,0,BCT,Baicheng,白城
北海,bh,0,BHZ,Beihai,北海
安图,bh,0,BEL,Baihe,白河
涞水,bj,0,BAP,Baijian,白涧
宝鸡,bj,0,BJY,Baoji,宝鸡
哈尔滨,bj,0,BJB,Binjiang,滨江
博克图,bkt,0,BKX,Boketu,博克图
百色,bs,0,BIZ,Baise,百色
白山,bss,0,HJL,Baishanshi,白山市
本溪,bt,0,BTT,Beitai,北台
包头,btd,0,BDC,Baotoudong,包头东
包头,bt,0,BTC,Baotou,包头
北屯市,bts,0,BXR,Beitunshi,北屯市
本溪,bx,0,BXT,Benxi,本溪
白云鄂博,byeb,0,BEC,Baiyun'ebo,白云鄂博
白银,byx,0,BXJ,Baiyinxi,白银西
亳州,bz,0,BZH,Bozhou,亳州
赤壁,cb,0,CBN,Chibi,赤壁
常德,cd,0,VGQ,Changde,常德
承德,cd,0,CDP,Chengde,承德
丹东,cd,0,CDT,Changdian,长甸
赤峰,cf,0,CFD,Chifeng,赤峰
茶陵,cl,0,CDG,Chaling,茶陵
苍南,cn,0,CEH,Cangnan,苍南
北京,cp,0,CPP,Changping,昌平
崇仁,cr,0,CRG,Chongren,崇仁
昌图,ct,0,CTT,Changtu,昌图
长汀镇,ctz,0,CDB,Changtingzhen,长汀镇
曹县,cx,0,CXK,Caoxian,曹县
楚雄,cxn,0,COM,Chuxiongnan,楚雄南
沈阳,cxt,0,CXT,Chenxiangtun,陈相屯
长治,czb,0,CBF,Changzhibei,长治北
池州,cz,0,IYH,Chizhou,池州
长征,cz,0,CZJ,Changzheng,长征
常州,cz,0,CZH,Changzhou,常州
郴州,cz,0,CZQ,Chenzhou,郴州
长治,cz,0,CZF,Changzhi,长治
沧州,cz,0,COP,Cangzhou,沧州
崇左,cz,0,CZZ,Chongzuo,崇左
大安,dab,0,RNT,Da'anbei,大安北
沈阳,dc,0,DCT,Dacheng,大成
丹东,dd,0,DUT,Dandong,丹东
东方红,dfh,0,DFB,Dongfanghong,东方红
东莞,dgd,0,DMQ,Dongguandong,东莞东
黑山,dhs,0,DHD,Dahushan,大虎山
敦煌,dh,0,DHJ,Dunhuang,敦煌
敦化,dh,0,DHL,Dunhua,敦化
长春,dh,0,DHT,Dehui,德惠
东京城,djc,0,DJB,Dongjingcheng,东京城
大同,dj,0,DFP,Dajian,大涧
成都,djy,0,DDW,Dujiangyan,都江堰
大连,dlb,0,DFT,Dalianbei,大连北
大理,dl,0,DKM,Dali,大理
大连,dl,0,DLT,Dalian,大连
定南,dn,0,DNG,Dingnan,定南
大庆,dq,0,DZX,Daqing,大庆
鄂尔多斯,ds,0,DOC,Dongsheng,东胜
大石桥,dsq,0,DQT,Dashiqiao,大石桥
大同,dt,0,DTV,Datong,大同
东营,dy,0,DPK,Dongying,东营
大杨树,dys,0,DUX,Dayangshu,大杨树
都匀,dy,0,RYW,Duyun,都匀
邓州,dz,0,DOF,Dengzhou,邓州
达州,dz,0,RXW,Dazhou,达州
德州,dz,0,DZP,Dezhou,德州
额济纳旗,ejn,0,EJC,Ejina,额济纳
二连浩特,el,0,RLC,Erlian,二连
恩施,es,0,ESN,Enshi,恩施
福鼎,fd,0,FES,Fuding,福鼎
三亚,fhjc,0,FJQ,Fenghuangjichang,凤凰机场
芮城,fld,0,FLV,Fenglingdu,风陵渡
涪陵,fl,0,FLW,Fuling,涪陵
富拉尔基,flej,0,FRX,Fula'erji,富拉尔基
抚顺,fsb,0,FET,Fushunbei,抚顺北
佛山,fs,0,FSQ,Foshan,佛山
阜新,fxn,0,FXD,Fuxinnan,阜新南
阜阳,fy,0,FYH,Fuyang,阜阳
格尔木,gem,0,GRO,Ge'ermu,格尔木
广汉,gh,0,GHW,Guanghan,广汉
太原,gj,0,GJV,Gujiao,古交
桂林,glb,0,GBZ,Guilinbei,桂林北
古莲,gl,0,GRX,Gulian,古莲
桂林,gl,0,GLZ,Guilin,桂林
固始,gs,0,GXN,Gushi,固始
广水,gs,0,GSN,Guangshui,广水
中卫,gt,0,GNJ,Gantang,干塘
广元,gy,0,GYW,Guangyuan,广元
广州,gzb,0,GBQ,Guangzhoubei,广州北
赣州,gz,0,GZG,Ganzhou,赣州
公主岭,gzl,0,GLT,Gongzhuling,公主岭
公主岭,gzln,0,GBT,Gongzhulingnan,公主岭南
淮安,ha,0,AUH,Huai'an,淮安
淮北,hb,0,HRH,Huaibei,淮北
鹤北,hb,0,HMB,Hebei,鹤北
淮滨,hb,0,HVN,Huaibin,淮滨
定襄,hb,0,HBV,Hebian,河边
潢川,hc,0,KCN,Huangchuan,潢川
韩城,hc,0,HCY,Hancheng,韩城
邯郸,hd,0,HDP,Handan,邯郸
横道河子,hdhz,0,HDB,Hengdaohezi,横道河子
鹤岗,hg,0,HGB,Hegang,鹤岗
沈阳,hgt,0,HTT,Huanggutun,皇姑屯
盘县,hg,0,HEM,Hongguo,红果
黑河,hh,0,HJB,Heihe,黑河
怀化,hh,0,HHQ,Huaihua,怀化
武汉,hk,0,HKN,Hankou,汉口
葫芦岛,hld,0,HLD,Huludao,葫芦岛
海拉尔,hle,0,HRX,Haila'er,海拉尔
霍林郭勒,hlgl,0,HWD,Huolinguole,霍林郭勒
海伦,hl,0,HLB,Hailun,海伦
侯马,hm,0,HMV,Houma,侯马
哈密,hm,0,HMR,Hami,哈密
淮南,hn,0,HAH,Huainan,淮南
桦南,hn,0,HNB,Huanan,桦南
海宁,hnx,0,EUH,Hainingxi,海宁西
鹤庆,hq,0,HQM,Heqing,鹤庆
北京,hrb,0,HBP,Huairoubei,怀柔北
北京,hr,0,HRP,Huairou,怀柔
黄石,hsd,0,OSN,Huangshidong,黄石东
华阴,hs,0,HSY,Huashan,华山
黄山,hs,0,HKH,Huangshan,黄山
黄石,hs,0,HSN,Huangshi,黄石
衡水,hs,0,HSP,Hengshui,衡水
衡阳,hy,0,HYQ,Hengyang,衡阳
菏泽,hz,0,HIK,Heze,菏泽
贺州,hz,0,HXZ,Hezhou,贺州
汉中,hz,0,HOY,Hanzhong,汉中
惠州,hz,0,HCQ,Huizhou,惠州
吉安,ja,0,VAG,Ji'an,吉安
集安,ja,0,JAL,Ji'an,集安
江边村,jbc,0,JBG,Jiangbiancun,江边村
晋城,jc,0,JCF,Jincheng,晋城
金城江,jcj,0,JJZ,Jinchengjiang,金城江
景德镇,jdz,0,JCG,Jingdezhen,景德镇
嘉峰,jf,0,JFF,Jiafeng,嘉峰
加格达奇,jgdq,0,JGX,Jiagedaqi,加格达奇
井冈山,jgs,0,JGG,Jinggangshan,井冈山
蛟河,jh,0,JHL,Jiaohe,蛟河
金华,jhn,0,RNH,Jinhuanan,金华南
金华,jh,0,JBH,Jinhua,金华
九江,jj,0,JJG,Jiujiang,九江
吉林,jl,0,JLL,Jilin,吉林
荆门,jm,0,JMN,Jingmen,荆门
佳木斯,jms,0,JMB,Jiamusi,佳木斯
济宁,jn,0,JIK,Jining,济宁
集宁,jnn,0,JAC,Jiningnan,集宁南
酒泉,jq,0,JQJ,Jiuquan,酒泉
江山,js,0,JUH,Jiangshan,江山
吉首,js,0,JIQ,Jishou,吉首
长春,jt,0,JTL,Jiutai,九台
镜铁山,jts,0,JVJ,Jingtieshan,镜铁山
鸡西,jx,0,JXB,Jixi,鸡西
绩溪,jxx,0,JRH,Jixixian,绩溪县
嘉峪关,jyg,0,JGJ,Jiayuguan,嘉峪关
江油,jy,0,JFW,Jiangyou,江油
锦州,jz,0,JZD,Jinzhou,锦州
大连,jz,0,JZT,Jinzhou,金州
天津,jz,0,JKP,Jizhou,蓟州
库尔勒,kel,0,KLR,Ku'erle,库尔勒
开封,kf,0,KFF,Kaifeng,开封
岢岚,kl,0,KLV,Kelan,岢岚
凯里,kl,0,KLW,Kaili,凯里
喀什,ks,0,KSR,Kashi,喀什
昆山,ksn,0,KNH,Kunshannan,昆山南
奎屯,kt,0,KTR,Kuitun,奎屯
开原,ky,0,KYT,Kaiyuan,开原
六安,la,0,UAH,Lu'an,六安
灵宝,lb,0,LBF,Lingbao,灵宝
上海,lcg,0,UCH,Luchaogang,芦潮港
隆昌,lc,0,LCW,Longchang,隆昌
陆川,lc,0,LKZ,Luchuan,陆川
利川,lc,0,LCN,Lichuan,利川
临川,lc,0,LCG,Linchuan,临川
潞城,lc,0,UTP,Lucheng,潞城
宁安,ld,0,LDL,Ludao,鹿道
娄底,ld,0,LDQ,Loudi,娄底
临汾,lf,0,LFV,Linfen,临汾
北京,lgz,0,LGP,Lianggezhuang,良各庄
临河,lh,0,LHC,Linhe,临河
漯河,lh,0,LON,Luohe,漯河
绿化,lh,0,LWJ,Lvhua,绿化
承德,lh,0,UHP,Longhua,隆化
丽江,lj,0,LHM,Lijiang,丽江
临江,lj,0,LQL,Linjiang,临江
龙井,lj,0,LJL,Longjing,龙井
吕梁,ll,0,LHV,Lvliang,吕梁
醴陵,ll,0,LLG,Liling,醴陵
柳林,lln,0,LKV,Liulinnan,柳林南
承德,lp,0,UPP,Luanping,滦平
六盘水,lps,0,UMW,Liupanshui,六盘水
灵丘,lq,0,LVV,Lingqiu,灵丘
大连,ls,0,LST,Lvshun,旅顺
兰溪,lx,0,LWH,Lanxi,兰溪
陇西,lx,0,LXJ,Longxi,陇西
澧县,lx,0,LEQ,Lixian,澧县
聊城,lx,0,UEP,Linxi,临西
龙岩,ly,0,LYS,Longyan,龙岩
耒阳,ly,0,LYQ,Leiyang,耒阳
洛阳,ly,0,LYF,Luoyang,洛阳
连云港,lygd,0,UKH,Lianyungangdong,连云港东
洛阳,lyd,0,LDF,Luoyangdong,洛阳东
临沂,ly,0,LVK,Linyi,临沂
洛阳,lylm,0,LLF,Luoyanglongmen,洛阳龙门
安西,ly,0,DHR,Liuyuan,柳园
凌源,ly,0,LYD,Lingyuan,凌源
辽源,ly,0,LYL,Liaoyuan,辽源
立志,lz,0,LZX,Lizhi,立志
柳州,lz,0,LZZ,Liuzhou,柳州
沈阳,lz,0,LZD,Liaozhong,辽中
麻城,mc,0,MCN,Macheng,麻城
免渡河,mdh,0,MDX,Mianduhe,免渡河
牡丹江,mdj,0,MDB,Mudanjiang,牡丹江
莫尔道嘎,medg,0,MRX,Mo'erdaoga,莫尔道嘎
明光,mg,0,MGH,Mingguang,明光
满归,mg,0,MHX,Mangui,满归
漠河县,mh,0,MVX,Mohe,漠河
茂名,mm,0,MDQ,Maoming,茂名
茂名,mmx,0,MMZ,Maomingxi,茂名西
密山,ms,0,MSB,Mishan,密山
沈阳,msj,0,MJT,Masanjia,马三家
独山,mw,0,VAW,Mawei,麻尾
绵阳,my,0,MYW,Mianyang,绵阳
梅州,mz,0,MOQ,Meizhou,梅州
满洲里,mzl,0,MLX,Manzhouli,满洲里
宁波,nbd,0,NVH,Ningbodong,宁波东
宁波,nb,0,NGH,Ningbo,宁波
南岔,nc,0,NCB,Nancha,南岔
南充,nc,0,NCW,Nanchong,南充
南丹,nd,0,NDZ,Nandan,南丹
承德,ndm,0,NMP,Nandamiao,南大庙
本溪,nf,0,NFT,Nanfen,南芬
讷河,nh,0,NHX,Nehe,讷河
嫩江,nj,0,NGX,Nenjiang,嫩江
内江,nj,0,NJW,Neijiang,内江
南平,np,0,NPS,Nanping,南平
南通,nt,0,NUH,Nantong,南通
南阳,ny,0,NFF,Nanyang,南阳
碾子山,nzs,0,NZX,Nianzishan,碾子山
平顶山,pds,0,PEN,Pingdingshan,平顶山
盘锦,pj,0,PVD,Panjin,盘锦
平凉,pl,0,PIJ,Pingliang,平凉
平凉,pln,0,POJ,Pingliangnan,平凉南
承德,pq,0,PQP,Pingquan,平泉
坪石,ps,0,PSQ,Pingshi,坪石
萍乡,px,0,PXG,Pingxiang,萍乡
凭祥,px,0,PXZ,Pingxiang,凭祥
成都,pxx,0,PCW,Pixianxi,郫县西
攀枝花,pzh,0,PRW,Panzhihua,攀枝花
蕲春,qc,0,QRN,Qichun,蕲春
成都,qcs,0,QSW,Qingchengshan,青城山
青岛,qd,0,QDK,Qingdao,青岛
清河,qhc,0,QYP,Qinghecheng,清河城
曲靖,qj,0,QJM,Qujing,曲靖
重庆,qj,0,QNW,Qianjiang,黔江
前进镇,qjz,0,QEB,Qianjinzhen,前进镇
齐齐哈尔,qqhe,0,QHX,Qiqiha'er,齐齐哈尔
七台河,qth,0,QTB,Qitaihe,七台河
沁县,qx,0,QVV,Qinxian,沁县
泉州,qzd,0,QRS,Quanzhoudong,泉州东
泉州,qz,0,QYS,Quanzhou,泉州
衢州,qz,0,QEH,Quzhou,衢州
融安,ra,0,RAZ,Rong'an,融安
石嘴山,rjg,0,RQJ,Rujigou,汝箕沟
瑞金,rj,0,RJG,Ruijin,瑞金
日照,rz,0,RZK,Rizhao,日照
双城堡,scp,0,SCB,Shuangchengpu,双城堡
绥芬河,sfh,0,SFB,Suifenhe,绥芬河
韶关,sgd,0,SGQ,Shaoguandong,韶关东
秦皇岛,shg,0,SHD,Shanhaiguan,山海关
绥化,sh,0,SHB,Suihua,绥化
三间房,sjf,0,SFX,Sanjianfang,三间房
沈阳,sjt,0,SXT,Sujiatun,苏家屯
舒兰,sl,0,SLL,Shulan,舒兰
三明,sm,0,SMS,Sanming,三明
神木,sm,0,OMY,Shenmu,神木
三门峡,smx,0,SMF,Sanmenxia,三门峡
商南,sn,0,ONY,Shangnan,商南
遂宁,sn,0,NIW,Suining,遂宁
四平,sp,0,SPT,Siping,四平
商丘,sq,0,SQF,Shangqiu,商丘
上饶,sr,0,SRG,Shangrao,上饶
韶山,ss,0,SSQ,Shaoshan,韶山
宿松,ss,0,OAH,Susong,宿松
汕头,st,0,OTQ,Shantou,汕头
邵武,sw,0,SWS,Shaowu,邵武
涉县,sx,0,OEP,Shexian,涉县
三亚,sy,0,SEQ,Sanya,三亚
三亚,sya,0,JUQ,Sanya,三  亚
邵阳,sy,0,SYQ,Shaoyang,邵阳
十堰,sy,0,SNN,Shiyan,十堰
双鸭山,sys,0,SSB,Shuangyashan,双鸭山
前郭尔罗斯,sy,0,VYT,Songyuan,松原
苏州,sz,0,SZH,Suzhou,苏州
深圳,sz,0,SZQ,Shenzhen,深圳
宿州,sz,0,OXH,Suzhou,宿州
随州,sz,0,SZN,Suizhou,随州
朔州,sz,0,SUV,Shuozhou,朔州
深圳,szx,0,OSQ,Shenzhenxi,深圳西
通道,tb,0,TBQ,Tangbao,塘豹
塔尔气,teq,0,TVX,Ta'erqi,塔尔气
潼关,tg,0,TGY,Tongguan,潼关
天津,tg,0,TGP,Tanggu,塘沽
塔河,th,0,TXX,Tahe,塔河
通化,th,0,THL,Tonghua,通化
泰来,tl,0,TLX,Tailai,泰来
吐鲁番,tlf,0,TFR,Tulufan,吐鲁番
通辽,tl,0,TLD,Tongliao,通辽
铁岭,tl,0,TLT,Tieling,铁岭
扶余,tlz,0,TPT,Taolaizhao,陶赖昭
图们,tm,0,TML,Tumen,图们
铜仁,tr,0,RDQ,Tongren,铜仁
唐山,tsb,0,FUP,Tangshanbei,唐山北
本溪县,tsf,0,TFT,Tianshifu,田师府
泰安,ts,0,TAK,Taishan,泰山
唐山,ts,0,TSP,Tangshan,唐山
天水,ts,0,TSJ,Tianshui,天水
凤凰城,typ,0,TYT,Tongyuanpu,通远堡
大庆,tys,0,TQT,Taiyangsheng,太阳升
泰州,tz,0,UTH,Taizhou,泰州
桐梓,tz,0,TZW,Tongzi,桐梓
北京,tzx,0,TAP,Tongzhouxi,通州西
五常,wc,0,WCB,Wuchang,五常
武汉,wc,0,WCN,Wuchang,武昌
大连,wfd,0,WDT,Wafangdian,瓦房店
威海,wh,0,WKK,Weihai,威海
芜湖,wh,0,WHH,Wuhu,芜湖
乌海,whx,0,WXC,Wuhaixi,乌海西
沈阳,wjt,0,WJT,Wujiatun,吴家屯
重庆,wl,0,WLW,Wulong,武隆
乌兰浩特,wlht,0,WWT,Wulanhaote,乌兰浩特
渭南,wn,0,WNY,Weinan,渭南
兴义,ws,0,WSM,Weishe,威舍
本溪,wts,0,WIT,Waitoushan,歪头山
武威,ww,0,WUJ,Wuwei,武威
武威,wwn,0,WWJ,Wuweinan,武威南
无锡,wx,0,WXH,Wuxi,无锡
乌鲁木齐,wx,0,WXR,Wuxi,乌西
乌伊岭,wyl,0,WPB,Wuyiling,乌伊岭
武夷山,wys,0,WAS,Wuyishan,武夷山
万源,wy,0,WYY,Wanyuan,万源
万州,wz,0,WYW,Wanzhou,万州
梧州,wz,0,WZZ,Wuzhou,梧州
温州,wz,0,RZH,Wenzhou,温州
温州,wzn,0,VRH,Wenzhounan,温州南
西昌,xc,0,ECW,Xichang,西昌
许昌,xc,0,XCF,Xuchang,许昌
西昌,xcn,0,ENW,Xichangnan,西昌南
哈尔滨,xf,0,XFB,Xiangfang,香坊
原平,xg,0,XGV,Xuangang,轩岗
兴国,xg,0,EUG,Xingguo,兴国
宣汉,xh,0,XHY,Xuanhan,宣汉
江门,xh,0,EFQ,Xinhui,新会
新晃,xh,0,XLQ,Xinhuang,新晃
锡林浩特,xlht,0,XTC,Xilinhaote,锡林浩特
承德,xlx,0,EXP,Xinglongxian,兴隆县
厦门,xmb,0,XKS,Xiamenbei,厦门北
厦门,xm,0,XMS,Xiamen,厦门
厦门,xmgq,0,XBS,Xiamengaoqi,厦门高崎
本溪县,xs,0,XST,Xiaoshi,小市
重庆,xs,0,ETW,Xiushan,秀山
南昌,xt,0,XTG,Xiangtang,向塘
宣威,xw,0,XWM,Xuanwei,宣威
新乡,xx,0,XXF,Xinxiang,新乡
信阳,xy,0,XUN,Xinyang,信阳
咸阳,xy,0,XYY,Xianyang,咸阳
襄阳,xy,0,XFN,Xiangyang,襄阳
营口,xyc,0,XYT,Xiongyuecheng,熊岳城
新沂,xy,0,VIH,Xinyi,新沂
兴义,xy,0,XRZ,Xingyi,兴义
新余,xy,0,XUG,Xinyu,新余
徐州,xz,0,XCH,Xuzhou,徐州
延安,ya,0,YWY,Yan'an,延安
宜宾,yb,0,YBW,Yibin,宜宾
亚布力,ybln,0,YWB,Yabulinan,亚布力南
建平,ybs,0,YBD,Yebaishou,叶柏寿
宜昌,ycd,0,HAN,Yichangdong,宜昌东
永川,yc,0,YCW,Yongchuan,永川
盐城,yc,0,AFH,Yancheng,盐城
宜昌,yc,0,YCN,Yichang,宜昌
运城,yc,0,YNV,Yuncheng,运城
伊春,yc,0,YCB,Yichun,伊春
,yc,0,YCV,Yuci,榆次
天津,yc,0,YBP,Yangcun,杨村
宜春,ycx,0,YCG,Yichunxi,宜春西
阿尔山,yes,0,YET,Yi'ershi,伊尔施
峨眉山,yg,0,YGW,Yangang,燕岗
永济,yj,0,YIV,Yongji,永济
延吉,yj,0,YJL,Yanji,延吉
营口,yk,0,YKT,Yingkou,营口
牙克石,yks,0,YKX,Yakeshi,牙克石
阎良,yl,0,YNY,Yanliang,阎良
玉林,yl,0,YLZ,Yulin,玉林
榆林,yl,0,ALY,Yulin,榆林
三亚,ylw,0,TWQ,Yalongwan,亚龙湾
一面坡,ymp,0,YPB,Yimianpo,一面坡
伊宁,yn,0,YMR,Yining,伊宁
宁强,ypg,0,YAY,Yangpingguan,阳平关
玉屏,yp,0,YZW,Yuping,玉屏
原平,yp,0,YPV,Yuanping,原平
北京,yq,0,YNP,Yanqing,延庆
孝义,yqq,0,YYV,Yangquanqu,阳泉曲
玉泉,yq,0,YQB,Yuquan,玉泉
阳泉,yq,0,AQP,Yangquan,阳泉
营山,ys,0,NUW,Yingshan,营山
玉山,ys,0,YNG,Yushan,玉山
北京,ys,0,AOP,Yanshan,燕山
长春,ys,0,YRT,Yushu,榆树
鹰潭,yt,0,YTG,Yingtan,鹰潭
烟台,yt,0,YAK,Yantai,烟台
伊图里河,ytlh,0,YEX,Yitulihe,伊图里河
唐山,ytx,0,ATP,Yutianxian,玉田县
义乌,yw,0,YWH,Yiwu,义乌
阳新,yx,0,YON,Yangxin,阳新
义县,yx,0,YXD,Yixian,义县
益阳,yy,0,AEQ,Yiyang,益阳
岳阳,yy,0,YYQ,Yueyang,岳阳
三亚,yz,0,YUQ,Yazhou,崖州
永州,yz,0,AOQ,Yongzhou,永州
扬州,yz,0,YLH,Yangzhou,扬州
淄博,zb,0,ZBK,Zibo,淄博
太原,zcd,0,ZDV,Zhenchengdi,镇城底
自贡,zg,0,ZGW,Zigong,自贡
珠海,zh,0,ZHQ,Zhuhai,珠海
珠海,zhb,0,ZIQ,Zhuhaibei,珠海北
湛江,zj,0,ZJZ,Zhanjiang,湛江
镇江,zj,0,ZJH,Zhenjiang,镇江
张家界,zjj,0,DIQ,Zhangjiajie,张家界
张家口,zjk,0,ZKP,Zhangjiakou,张家口
张家口,zjkn,0,ZMP,Zhangjiakounan,张家口南
周口,zk,0,ZKN,Zhoukou,周口
,zlm,0,ZLC,Zhelimu,哲里木
扎兰屯,zlt,0,ZTX,Zhalantun,扎兰屯
驻马店,zmd,0,ZDN,Zhumadian,驻马店
肇庆,zq,0,ZVQ,Zhaoqing,肇庆
大连,zsz,0,ZIT,Zhoushuizi,周水子
昭通,zt,0,ZDW,Zhaotong,昭通
中卫,zw,0,ZWJ,Zhongwei,中卫
资阳,zy,0,ZYW,Ziyang,资阳
遵义,zyx,0,ZIW,Zunyixi,遵义西
枣庄,zz,0,ZEK,Zaozhuang,枣庄
资中,zz,0,ZZW,Zizhong,资中
株洲,zz,0,ZZQ,Zhuzhou,株洲
枣庄,zzx,0,ZFK,Zaozhuangxi,枣庄西
昂昂溪,aax,0,AAX,Ang'angxi,昂昂溪
阿城,ac,0,ACB,Acheng,阿城
安达,ad,0,ADX,Anda,安达
成都,ad,0,ARW,Ande,安德
北京,ad,0,ADP,Anding,安定
那曲,ad,0,ADO,Anduo,安多
大安,ag,0,AGT,Anguang,安广
敖汉旗,ah,0,YED,Aohan,敖汉
保定,ah,0,AHP,Aihe,艾河
安化,ah,0,PKQ,Anhua,安化
中卫,ajc,0,AJJ,Aijiacun,艾家村
平阳,aj,0,ARH,Aojiang,鳌江
安家,aj,0,AJB,Anjia,安家
阜新县,aj,0,AJD,Ajin,阿金
成都,aj,0,PYW,Anjing,安靖
阿克陶,akt,0,AER,Aketao,阿克陶
华亭,aky,0,AYY,Ankouyao,安口窑
科尔沁左翼中旗,albg,0,ALD,Aolibugao,敖力布告
安龙,al,0,AUZ,Anlong,安龙
阿龙山,als,0,ASX,Alongshan,阿龙山
安陆,al,0,ALN,Anlu,安陆
阿木尔,ame,0,JTX,Amu'er,阿木尔
元谋,anz,0,AZM,Ananzhuang,阿南庄
安庆,aqx,0,APH,Anqingxi,安庆西
鞍山,asx,0,AXT,Anshanxi,鞍山西
岢岚,at,0,ATV,Antang,安塘
上海,atb,0,ASH,Antingbei,安亭北
阿图什,ats,0,ATR,Atushi,阿图什
安图,at,0,ATL,Antu,安图
安溪,ax,0,AXS,Anxi,安溪
琼海,ba,0,BWQ,Bo'ao,博鳌
重庆,bb,0,BPW,Beibei,北碚
孝义,bbg,0,BGV,Baibiguan,白壁关
蚌埠,bbn,0,BMH,Bengbunan,蚌埠南
巴楚,bc,0,BCR,Bachu,巴楚
保定,bc,0,BUP,Bancheng,板城
秦皇岛,bdh,0,BEP,Beidaihe,北戴河
保定,bd,0,BDP,Baoding,保定
天津,bd,0,BPP,Baodi,宝坻
北京,bdl,0,ILP,Badaling,八达岭
巴东,bd,0,BNN,Badong,巴东
盘县,bg,0,BGM,Baiguo,柏果
长春,bh,0,BUT,Buhai,布海
白河,bhd,0,BIY,Baihedong,白河东
察哈尔右翼后旗,bh,0,BVC,Benhong,贲红
镇江,bhs,0,BWH,Baohuashan,宝华山
白河,bhx,0,BEY,Baihexian,白河县
石嘴山,bjg,0,BJJ,Baijigou,白芨沟
昆明,bjg,0,BJM,Bijiguan,碧鸡关
顺德,bj,0,IBQ,Beijiao,北滘
顺德,bj,0,BLQ,Bijiang,碧江
盘县,bjp,0,BBM,Baijipo,白鸡坡
笔架山,bjs,0,BSB,Bijiashan,笔架山
锦州,bjt,0,BTD,Bajiaotai,八角台
科尔沁左翼中旗,bk,0,BKD,Baokang,保康
白奎堡,bkp,0,BKB,Baikuipu,白奎堡
阿尔山,bl,0,BAT,Bailang,白狼
钦州,bl,0,BRZ,Bailang,百浪
博乐,bl,0,BOR,Bole,博乐
察哈尔右翼后旗,blg,0,BQC,Baolage,宝拉格
巴林,bl,0,BLX,Balin,巴林
宝林,bl,0,BNB,Baolin,宝林
北流,bl,0,BOZ,Beiliu,北流
勃利,bl,0,BLB,Boli,勃利
布列开镇,blk,0,BLR,Buliekai,布列开
科尔沁左翼中旗,bls,0,BND,Baolongshan,宝龙山
涞水,blx,0,AAP,Bailixia,百里峡
昌图,bmc,0,BMD,Bamiancheng,八面城
昆明,bmq,0,BNM,Banmaoqing,班猫箐
八面通,bmt,0,BMB,Bamiantong,八面通
承德,bmqz,0,BRP,Beimaquanzi,北马圈子
北票,bpn,0,RPD,Beipiaonan,北票南
承德,bq,0,BQP,Baiqi,白旗
宝泉岭,bql,0,BQB,Baoquanling,宝泉岭
辽源,bq,0,BQL,Baiquan,白泉
万源,bs,0,BAY,Bashan,巴山
略阳,bsj,0,BSY,Baishuijiang,白水江
沾益,bsp,0,BPM,Baishapo,白沙坡
蛟河,bss,0,BAL,Baishishan,白石山
沾益,bsz,0,BUM,Baishuizhen,白水镇
包头,btd,0,FDC,Baotoudong,包头 东
深圳,bt,0,BTQ,Bantian,坂田
泊头,bt,0,BZP,Botou,泊头
保定,bt,0,BYP,Beitun,北屯
本溪,bxh,0,BHT,Benxihu,本溪湖
博兴,bx,0,BXK,Boxing,博兴
奈曼旗,bxt,0,VXD,Baxiantong,八仙筒
察哈尔右翼后旗,bycg,0,BYC,Baiyinchagan,白音察干
背荫河,byh,0,BYB,Beiyinhe,背荫河
太原,by,0,BIV,Beiying,北营
磴口,bygl,0,BAC,Bayangaole,巴彦高勒
奈曼旗,bytl,0,BID,Baiyintala,白音他拉
营口,byq,0,BYT,Bayuquan,鲅鱼圈
白银,bys,0,BNJ,Baiyinshi,白银市
科右中旗,byhs,0,BCD,Baiyinhushuo,白音胡硕
,bz,0,IEW,Bazhong,巴中
霸州,bz,0,RMP,Bazhou,霸州
北京,bz,0,BVP,Beizhai,北宅
赤壁,cbb,0,CIN,Chibibei,赤壁北
阿鲁科尔沁,cbg,0,CBC,Chabuga,查布嘎
白银,cc,0,CEJ,Changcheng,长城
祥云,cc,0,CCM,Changchong,长冲
承德,cdd,0,CCP,Chengdedong,承德东
赤峰,cfx,0,CID,Chifengxi,赤峰西
嵯岗,cg,0,CAX,Cuogang,嵯岗
长春,cg,0,CGT,Chaigang,柴岗
长葛,cg,0,CEF,Changge,长葛
张家口,cgp,0,CGV,Chaigoupu,柴沟堡
城固,cg,0,CGY,Chenggu,城固
兰州,cgy,0,CAJ,Chenguanying,陈官营
成高子,cgz,0,CZB,Chenggaozi,成高子
威宁,ch,0,WBW,Caohai,草海
柴河,ch,0,CHB,Chaihe,柴河
册亨,ch,0,CHZ,Ceheng,册亨
本溪县,chk,0,CKT,Caohekou,草河口
天津,chk,0,CHP,Cuihuangkou,崔黄口
巢湖,ch,0,CIH,Chaohu,巢湖
扶余,cjg,0,CJT,Caijiagou,蔡家沟
成吉思汗,cjsh,0,CJX,Chengjisihan,成吉思汗
兴义,cj,0,CAM,Chajiang,岔江
岐山,cjp,0,CJY,Caijiapo,蔡家坡
昌乐,cl,0,CLK,Changle,昌乐
承德,clg,0,CYP,Chaolianggou,超梁沟
慈利,cl,0,CUQ,Cili,慈利
秦皇岛,cl,0,CLP,Changli,昌黎
大连,clz,0,CLT,Changlingzi,长岭子
晨明,cm,0,CMB,Chenming,晨明
中卫,cn,0,CNJ,Changnong,长农
北京,cpb,0,VBP,Changpingbei,昌平北
东莞,cp,0,DAQ,Changping,常平
师宗,cpl,0,CPM,Changpoling,长坡岭
辰清,cq,0,CQB,Chenqing,辰清
黄梅,cs,0,CON,Caishan,蔡山
楚山,cs,0,CSB,Chushan,楚山
长寿,cs,0,EFW,Changshou,长寿
武安,cs,0,CSP,Cishan,磁山
清原,cs,0,CST,Cangshi,苍石
清原,cs,0,CSL,Caoshi,草市
土默特左旗,csq,0,CSC,Chasuqi,察素齐
松原,cst,0,CVT,Changshantun,长山屯
长汀,ct,0,CES,Changting,长汀
昌图,ctx,0,CPT,Changtuxi,昌图西
春湾,cw,0,CQQ,Chunwan,春湾
磁县,cx,0,CIP,Cixian,磁县
岑溪,cx,0,CNZ,Cenxi,岑溪
辰溪,cx,0,CXQ,Chenxi,辰溪
武安,cx,0,CRP,Cixi,磁西
长兴,cxn,0,CFH,Changxingnan,长兴南
磁窑,cy,0,CYK,Ciyao,磁窑
汪清,cy,0,CAL,Chunyang,春阳
青岛,cy,0,CEK,Chengyang,城阳
创业村,cyc,0,CEX,Chuangyecun,创业村
延吉,cyc,0,CYL,Chaoyangchuan,朝阳川
围场,cyd,0,CDD,Chaoyangdi,朝阳地
朝阳,cyn,0,CYD,Chaoyangnan,朝阳南
长垣,cy,0,CYF,Changyuan,长垣
辉南,cyz,0,CZL,Chaoyangzhen,朝阳镇
滁州,czb,0,CUH,Chuzhoubei,滁州北
常州,czb,0,ESH,Changzhoubei,常州北
滁州,cz,0,CXH,Chuzhou,滁州
潮州,cz,0,CKQ,Chaozhou,潮州
莱芜,cz,0,CVK,Changzhuang,常庄
天津,czl,0,CFP,Caozili,曹子里
沾益,czw,0,CWM,Chezhuanwan,车转湾
郴州,czx,0,ICQ,Chenzhouxi,郴州西
沧州,czx,0,CBP,Cangzhouxi,沧州西
德安,da,0,DAG,De'an,德安
大安,da,0,RAT,Da'an,大安
青铜峡,db,0,DBJ,Daba,大坝
巴林右旗,db,0,DBC,Daban,大板
阜新县,db,0,DBD,Daba,大巴
白城,db,0,RBT,Daobao,到保
定边,db,0,DYJ,Dingbian,定边
东边井,dbj,0,DBB,Dongbianjing,东边井
科右前旗,dbs,0,RDT,Debosi,德伯斯
武威,dcg,0,DGJ,Dachaigou,打柴沟
德昌,dc,0,DVW,Dechang,德昌
滴道,dd,0,DDB,Didao,滴道
石嘴山,ddg,0,DKJ,Dadenggou,大磴沟
凌源,ded,0,DRD,Dao'erdeng,刀尔登
得耳布尔,debe,0,DRX,De'erbu'er,得耳布尔
东方,df,0,UFQ,Dongfang,东方
丹凤,df,0,DGY,Danfeng,丹凤
东丰,df,0,DIL,Dongfeng,东丰
,dg,0,DMM,Duge,都格
抚顺,dgt,0,DTT,Daguantun,大官屯
大关,dg,0,RGW,Daguan,大关
东光,dg,0,DGP,Dongguang,东光
鸡东,dh,0,DHB,Donghai,东海
北京,dhc,0,DHP,Dahuichang,大灰厂
沈阳,dhq,0,DQD,Dahongqi,大红旗
邵东,dh,0,SOQ,Shaodong,大禾塘
,dhx,0,DQH,Donghaixian,东海县
长春,dhx,0,DXT,Dehuixi,德惠西
长春,djg,0,DJT,Dajiagou,达家沟
东津,dj,0,DKB,Dongjin,东津
五常,dj,0,DJL,Dujia,杜家
天津,dkt,0,DKP,Dakoutun,大口屯
开鲁,dl,0,RVD,Donglai,东来
德令哈,dlh,0,DHO,Delingha,德令哈
察哈尔右翼后旗,dlh,0,DLC,Daluhao,大陆号
带岭,dl,0,DLB,Dailing,带岭
通辽,dl,0,DLD,Dalin,大林
鄂尔多斯,dltq,0,DIC,Dalateqi,达拉特旗
独立屯,dlt,0,DTX,Dulitun,独立屯
忻州,dl,0,DLV,Douluo,豆罗
达拉特旗,dltx,0,DNC,Dalatexi,达拉特西
大连,dlx,0,GZT,Dalianxi,大连西
奈曼旗,dmc,0,DMD,Dongmingcun,东明村
承德,dmh,0,DEP,Dongmiaohe,洞庙河
东明县,dmx,0,DNF,Dongmingxian,东明县
钦州,dn,0,DNZ,Dani,大拟
朝阳,dpf,0,DPD,Dapingfang,大平房
保定,dps,0,RPP,Dapanshi,大盘石
大埔,dp,0,DPI,Dapu,大埔
丹东,dp,0,DVT,Dapu,大堡
大庆,dqd,0,LFX,Daqingdong,大庆东
海拉尔,dqlh,0,DQX,Daqilaha,大其拉哈
白山,dq,0,DML,Daoqing,道清
对青山,dqs,0,DQB,Duiqingshan,对青山
德清,dqx,0,MOH,Deqingxi,德清西
大庆,dqx,0,RHX,Daqingxi,大庆西
中山,ds,0,DRQ,Dongsheng,东升
砀山,ds,0,DKH,Dangshan,砀山
独山,ds,0,RWW,Dushan,独山
大连,dsh,0,DWT,Dengshahe,登沙河
昆明,dsp,0,DPM,Dushupu,读书铺
敦化,dst,0,DSL,Dashitou,大石头
鄂尔多斯,dsx,0,DYC,Dongshengxi,东胜西
科右前旗,dsz,0,RZT,Dashizhai,大石寨
东台,dt,0,DBH,Dongtai,东台
定陶,dt,0,DQK,Dingtao,定陶
灯塔,dt,0,DGT,Dengta,灯塔
富源,dtb,0,DBM,Datianbian,大田边
通化,dth,0,DTL,Dongtonghua,东通化
镇江,dt,0,RUH,Dantu,丹徒
长春,dt,0,DNT,Datun,大屯
白银,dw,0,DRJ,Dongwan,东湾
石嘴山,dwk,0,DFJ,Dawukou,大武口
玉门,dwp,0,DWJ,Diwopu,低窝铺
南宁,dwt,0,DZZ,Dawangtan,大王滩
元谋,dwz,0,DFM,Dawanzi,大湾子
汪清,dxg,0,DXL,Daxinggou,大兴沟
大兴,dx,0,DXX,Daxing,大兴
定西,dx,0,DSJ,Dingxi,定西
禄丰,dx,0,DXM,Dianxin,甸心
东乡,dx,0,DXG,Dongxiang,东乡
代县,dx,0,DKV,Daixian,代县
定襄,dx,0,DXV,Dingxiang,定襄
涉县,dx,0,RXP,Dongxu,东戌
葫芦岛,dxz,0,DXD,Dongxinzhuang,东辛庄
丹阳,dy,0,DYH,Danyang,丹阳
德阳,dy,0,DYW,Deyang,德阳
大雁,dy,0,DYX,Dayan,大雁
当阳,dy,0,DYN,Dangyang,当阳
丹阳,dyb,0,EXH,Danyangbei,丹阳北
大英,dyd,0,IAW,Dayingdong,大英东
繁峙,dyd,0,DBV,Dongyudi,东淤地
繁峙,dy,0,DYV,Daying,大营
滁州,dy,0,EWH,Dingyuan,定远
山阴,dy,0,RYV,Daiyue,岱岳
南宁,dy,0,DYZ,Dayuan,大元
枣强,dyz,0,DJP,Dayingzhen,大营镇
朝阳,dyz,0,DZD,Dayingzi,大营子
中卫,dzc,0,DTJ,Dazhanchang,大战场
德州,dzd,0,DIP,Dezhoudong,德州东
池州,dz,0,DCH,Dongzhi,东至
低庄,dz,0,DVQ,Dizhuang,低庄
闻喜,dz,0,DNV,Dongzhen,东镇
道州,dz,0,DFZ,Daozhou,道州
繁峙,dz,0,DZV,Dongzhuang,东庄
孝义,dz,0,DWV,Duizhen,兑镇
涉县,dz,0,ROP,Douzhuang,豆庄
定州,dz,0,DXP,Dingzhou,定州
安康,dzy,0,DZY,Dazhuyuan,大竹园
承德,dzz,0,DAP,Dazhangzi,大杖子
天津,dzz,0,RZP,Douzhangzhuang,豆张庄
峨边,eb,0,EBW,Ebian,峨边
承德,edgm,0,RDP,Erdaogoumen,二道沟门
二道湾,edw,0,RDX,Erdaowan,二道湾
鄂尔多斯,eeds,0,EEC,E'erduosi,鄂尔多斯
宁城,el,0,RLD,Erlong,二龙
二龙山屯,elst,0,ELA,Erlongshantun,二龙山屯
峨眉山,em,0,EMW,Emei,峨眉
通化县,emh,0,RML,Ermihe,二密河
中卫,ey,0,RYJ,Erying,二营
鄂州,ez,0,ECN,Ezhou,鄂州
福安,fa,0,FAS,Fu'an,福安
丰城,fc,0,FCG,Fengcheng,丰城
丰城,fcn,0,FNG,Fengchengnan,丰城南
合肥,fd,0,FIH,Feidong,肥东
,fe,0,FEM,Fa'er,发耳
富海,fh,0,FHX,Fuhai,富海
福海,fh,0,FHR,Fuhai,福海
凤凰城,fhc,0,FHT,Fenghuangcheng,凤凰城
太原,fh,0,FEV,Fenhe,汾河
奉化,fh,0,FHH,Fenghua,奉化
富锦,fj,0,FIB,Fujin,富锦
公主岭,fjt,0,FTT,Fanjiatun,范家屯
兰州,flq,0,FLJ,Fuliqu,福利区
福利屯,flt,0,FTB,Fulitun,福利屯
丰乐镇,flz,0,FZB,Fenglezhen,丰乐镇
阜阳,fn,0,FNH,Funan,阜南
阜宁,fn,0,AKH,Funing,阜宁
秦皇岛,fn,0,FNP,Funing,抚宁
福清,fq,0,FQS,Fuqing,福清
福泉,fq,0,VMW,Fuquan,福泉
白银,fsc,0,FSJ,Fengshuicun,丰水村
丰顺,fs,0,FUQ,Fengshun,丰顺
繁峙,fs,0,FSV,Fanshi,繁峙
抚顺,fs,0,FST,Fushun,抚顺
保定,fsk,0,FKP,Fushankou,福山口
扶绥,fs,0,FSZ,Fusui,扶绥
冯屯,ft,0,FTX,Fengtun,冯屯
涞源,fty,0,FYP,Futuyu,浮图峪
富县,fxd,0,FDY,Fuxiandong,富县东
凤县,fx,0,FXY,Fengxian,凤县
富县,fx,0,FEY,Fuxian,富县
费县,fx,0,FXK,Feixian,费县
凤阳,fy,0,FUH,Fengyang,凤阳
汾阳,fy,0,FAV,Fenyang,汾阳
扶余,fyb,0,FBT,Fuyubei,扶余北
分宜,fy,0,FYG,Fenyi,分宜
富源,fy,0,FYM,Fuyuan,富源
扶余,fy,0,FYT,Fuyu,扶余
富裕,fy,0,FYX,Fuyu,富裕
抚州,fzb,0,FBG,Fuzhoubei,抚州北
凤县,fz,0,FZY,Fengzhou,凤州
丰镇,fz,0,FZC,Fengzhen,丰镇
莱芜,fz,0,VZK,Fanzhen,范镇
固安,ga,0,GFP,Gu'an,固安
广安,ga,0,VJW,Guang'an,广安
高碑店,gbd,0,GBP,Gaobeidian,高碑店
,gbz,0,GBD,Goubangzi,沟帮子
兰州,gcd,0,GDJ,Gancaodian,甘草店
谷城,gc,0,GCN,Gucheng,谷城
石家庄,gc,0,GEP,Gaocheng,藁城
太原,gc,0,GCV,Gaocun,高村
古城镇,gcz,0,GZB,Guchengzhen,古城镇
广德,gd,0,GRH,Guangde,广德
贵定,gd,0,GTW,Guiding,贵定
贵定,gdn,0,IDW,Guidingnan,贵定南
太原,gd,0,GDV,Gudong,古东
贵港,gg,0,GGZ,Guigang,贵港
北京,gg,0,GVP,Guangao,官高
科右前旗,ggm,0,GGT,Gegenmiao,葛根庙
通化县,gg,0,GGL,Gangou,干沟
甘谷,gg,0,GGJ,Gangu,甘谷
北京,ggz,0,GGP,Gaogezhuang,高各庄
甘河,gh,0,GAX,Ganhe,甘河
根河,gh,0,GEX,Genhe,根河
四平,gjd,0,GDT,Guojiadian,郭家店
沈阳,gjz,0,GKT,Gujiazi,孤家子
古浪,gl,0,GLJ,Gulang,古浪
兰州,gl,0,GEJ,Gaolan,皋兰
禄丰,glf,0,GFM,Gaoloufang,高楼房
科右前旗,glh,0,GHT,Guiliuhe,归流河
洛阳,gl,0,GLF,Guanlin,关林
甘洛,gl,0,VOW,Ganluo,甘洛
张家口,glz,0,GLP,Guoleizhuang,郭磊庄
高密,gm,0,GMK,Gaomi,高密
乌拉特前旗,gmz,0,GMC,Gongmiaozi,公庙子
乾安,gnh,0,GRT,Gongnonghu,工农湖
大连,gnn,0,GNT,Guangningsinan,广宁寺南
昆明,gnw,0,GNM,Guangnanwei,广南卫
高平,gp,0,GPF,Gaoping,高平
甘泉,gqb,0,GEY,Ganquanbei,甘泉北
共青城,gqc,0,GAG,Gongqingcheng,共青城
科尔沁左翼后旗,gqk,0,GQD,Ganqika,甘旗卡
甘泉,gq,0,GQY,Ganquan,甘泉
葫芦岛,gqz,0,GZD,Gaoqiaozhen,高桥镇
丹东,gs,0,GST,Guanshui,灌水
重庆,gs,0,GSW,Ganshui,赶水
北京,gsk,0,GSP,Gushankou,孤山口
通化县,gs,0,GSL,Guosong,果松
,gsz,0,GSD,Gaoshanzi,高山子
奈曼旗,gsdz,0,GXD,Gashidianzi,嘎什甸子
高台,gt,0,GTJ,Gaotai,高台
紫阳,gt,0,GAY,Gaotan,高滩
古田,gt,0,GTS,Gutian,古田
张家口,gt,0,GTP,Guanting,官厅
张家口,gtx,0,KEP,Guantingxi,官厅西
贵溪,gx,0,GXG,Guixi,贵溪
涡阳,gy,0,GYH,Guoyang,涡阳
巩义,gy,0,GXF,Gongyi,巩义
石家庄,gy,0,GIP,Gaoyi,高邑
巩义,gyn,0,GYF,Gongyinan,巩义南
广元,gyn,0,GAW,Guangyuannan,广元南
固原,gy,0,GUJ,Guyuan,固原
通化,gy,0,GYL,Guyuan,菇园
喀喇沁左翼,gyz,0,GYD,Gongyingzi,公营子
光泽,gz,0,GZS,Guangze,光泽
中山,gz,0,GNQ,Guzhen,古镇
固镇,gz,0,GEH,Guzhen,固镇
,gz,0,GZY,Guozhen,虢镇
瓜州,gz,0,GZJ,Guazhou,瓜州
高州,gz,0,GSQ,Gaozhou,高州
盖州,gz,0,GXT,Gaizhou,盖州
乾安,gzj,0,GOT,Guanzijing,官字井
冠豸山,gzs,0,GSS,Guanzhaishan,冠豸山
盖州,gzx,0,GAT,Gaizhouxi,盖州西
淮安,han,0,AMH,Huai'annan,淮安南
红安,ha,0,HWN,Hong'an,红安
海安,hax,0,HIH,Hai'anxian,海安县
红安,hax,0,VXN,Hong'anxi,红安西
集安,hb,0,HBL,Huangbai,黄柏
海北,hb,0,HEB,Haibei,海北
鹤壁,hb,0,HAF,Hebi,鹤壁
会昌,hcb,0,XEG,Huichangbei,会昌北
华城,hc,0,VCQ,Huacheng,华城
廉江,hc,0,HCZ,Hechun,河唇
汉川,hc,0,HCN,Hanchuan,汉川
海城,hc,0,HCT,Haicheng,海城
重庆,hc,0,WKW,Hechuan,合川
武威,hct,0,HCJ,Heichongtan,黑冲滩
北京,hc,0,HCP,Huangcun,黄村
海城,hcx,0,HXT,Haichengxi,海城西
化德,hd,0,HGC,Huade,化德
洪洞,hd,0,HDV,Hongtong,洪洞
,hegs,0,HFR,Huo'erguosi,霍尔果斯
横峰,hf,0,HFG,Hengfeng,横峰
中卫,hfw,0,HXJ,Hanfuwan,韩府湾
天津,hg,0,HGP,Hangu,汉沽
元谋,hgy,0,HYM,Huangguayuan,黄瓜园
成都,hgz,0,IGW,Hongguangzhen,红光镇
沈阳,hh,0,HHT,Hunhe,浑河
赤峰,hhg,0,VHD,Honghuagou,红花沟
奈曼旗,hht,0,HUD,Huanghuatong,黄花筒
天水,hjd,0,HJJ,Hejiadian,贺家店
和静,hj,0,HJR,Hejing,和静
元谋,hj,0,HFM,Hongjiang,红江
禄丰,hj,0,HIM,Heijing,黑井
获嘉,hj,0,HJF,Huojia,获嘉
河津,hj,0,HJV,Hejin,河津
莆田,hj,0,HJS,Hanjiang,涵江
长春,hj,0,HJT,Huajia,华家
,hjhq,0,HDC,Hangjinhouqi,杭锦后旗
河间,hjx,0,HXP,Hejianxi,河间西
盘县,hjz,0,HJM,Huajiazhuang,花家庄
兰州,hkn,0,HKJ,Hekounan,河口南
黄口,hk,0,KOH,Huangkou,黄口
湖口,hk,0,HKG,Hukou,湖口
哈尔滨,hl,0,HUB,Hulan,呼兰
葫芦岛,hldb,0,HPD,Huludaobei,葫芦岛北
浩良河,hlh,0,HHB,Haolianghe,浩良河
长春,hlh,0,HIT,Halahai,哈拉海
鹤立,hl,0,HOB,Heli,鹤立
桦林,hl,0,HIB,Hualin,桦林
黄陵,hl,0,ULY,Huangling,黄陵
海林,hl,0,HRB,Hailin,海林
虎林,hl,0,VLB,Hulin,虎林
辽阳,hl,0,HAT,Hanling,寒岭
和龙,hl,0,HLL,Helong,和龙
梅河口,hl,0,HIL,Hailong,海龙
哈拉苏,hls,0,HAX,Halasu,哈拉苏
石嘴山,hlst,0,VTJ,Hulusitai,呼鲁斯太
本溪,hlz,0,HLT,Huolianzhai,火连寨
黄梅,hm,0,VEH,Huangmei,黄梅
承德,hmy,0,HYP,Hanmaying,韩麻营
敦化,hnh,0,HHL,Huangnihe,黄泥河
海宁,hn,0,HNH,Haining,海宁
惠农,hn,0,HMJ,Huinong,惠农
和平,hp,0,VAQ,Heping,和平
攀枝花,hpz,0,HZM,Huapengzi,花棚子
昆山,hq,0,VQH,Huaqiao,花桥
两当,hq,0,HEY,Hongqing,宏庆
怀仁,hr,0,HRV,Huairen,怀仁
鄂州,hr,0,HRN,Huarong,华容
华阴,hsb,0,HDY,Huashanbei,华山北
蛟河,hsd,0,HDL,Huangsongdian,黄松甸
和什托洛盖,hstlg,0,VSR,Heshituoluogai,和什托洛盖
红山,hs,0,VSB,Hongshan,红山
汉寿,hs,0,VSQ,Hanshou,汉寿
衡山,hs,0,HSQ,Hengshan,衡山
洮南,hs,0,HOT,Heishui,黑水
无锡,hs,0,VCH,Huishan,惠山
承德,hsh,0,HHP,Hushiha,虎什哈
吴忠,hsp,0,HSJ,Hongsipu,红寺堡
沈阳,hst,0,HUT,Hushitai,虎石台
海石湾,hsw,0,HSO,Haishiwan,海石湾
衡山,hsx,0,HEQ,Hengshanxi,衡山西
白银,hsx,0,VSJ,Hongshaxian,红砂岘
黑台,ht,0,HQB,Heitai,黑台
桓台,ht,0,VTK,Huantai,桓台
和田,ht,0,VTR,Hetian,和田
会同,ht,0,VTQ,Huitong,会同
大安,htz,0,HZT,Haituozi,海坨子
淄博,hw,0,HWK,Heiwang,黑旺
上海,hw,0,RWH,Haiwan,海湾
红星,hx,0,VXB,Hongxing,红星
徽县,hx,0,HYY,Huixian,徽县
红兴隆,hxl,0,VHB,Hongxinglong,红兴隆
换新天,hxt,0,VTB,Huanxintian,换新天
白银,hxt,0,HTJ,Hongxiantai,红岘台
红彦,hy,0,VIX,Hongyan,红彦
合阳,hy,0,HAY,Heyang,合阳
海阳,hy,0,HYK,Haiyang,海阳
衡阳,hyd,0,HVQ,Hengyangdong,衡阳东
华蓥,hy,0,HUW,Huaying,华蓥
汉阴,hy,0,HQY,Hanyin,汉阴
银川,hyt,0,HGJ,Huangyangtan,黄羊滩
雅安,hy,0,WHW,Hanyuan,汉源
河源,hy,0,VIQ,Heyuan,河源
孝昌,hy,0,HUN,Huayuan,花园
西宁,hy,0,HNO,Huangyuan,湟源
武威,hyz,0,HYJ,Huangyangzhen,黄羊镇
湖州,hz,0,VZH,Huzhou,湖州
化州,hz,0,HZZ,Huazhou,化州
黄州,hz,0,VON,Huangzhou,黄州
霍州,hz,0,HZV,Huozhou,霍州
惠州,hzx,0,VXQ,Huizhouxi,惠州西
通榆,jb,0,JRT,Jubao,巨宝
靖边,jb,0,JIY,Jingbian,靖边
科尔沁左翼后旗,jbt,0,JBD,Jinbaotun,金宝屯
晋城,jcb,0,JEF,Jinchengbei,晋城北
金昌,jc,0,JCJ,Jinchang,金昌
鄄城,jc,0,JCK,Juancheng,鄄城
交城,jc,0,JNV,Jiaocheng,交城
建昌,jc,0,JFD,Jianchang,建昌
峻德,jd,0,JDB,Junde,峻德
涉县,jd,0,JFP,Jingdian,井店
鸡东,jd,0,JOB,Jidong,鸡东
江都,jd,0,UDH,Jiangdu,江都
凤凰城,jgs,0,JST,Jiguanshan,鸡冠山
承德,jgt,0,VGP,Jingoutun,金沟屯
天津,jh,0,JHP,Jinghai,静海
金河,jh,0,JHX,Jinhe,金河
锦河,jh,0,JHB,Jinhe,锦河
精河,jh,0,JHR,Jinghe,精河
精河,jhn,0,JIR,Jinghenan,精河南
江华,jh,0,JHZ,Jianghua,江华
盐城,jh,0,AJH,Jianhu,建湖
围场,jjg,0,VJD,Jijiagou,纪家沟
晋江,jj,0,JJS,Jinjiang,晋江
姜家,jj,0,JJB,Jiangjia,姜家
重庆,jj,0,JJW,Jiangjin,江津
本溪,jk,0,JKT,Jinkeng,金坑
金昌,jl,0,JLJ,Jiling,芨岭
昆明,jmc,0,JMM,Jinmacun,金马村
江门,jmd,0,JWQ,Jiangmendong,江门东
龙海,jm,0,JES,Jiaomei,角美
莒南,jn,0,JOK,Junan,莒南
石家庄,jn,0,JNP,Jingnan,井南
建瓯,jo,0,JVS,Jian'ou,建瓯
克什克腾旗,jp,0,JPC,Jingpeng,经棚
江桥,jq,0,JQX,Jiangqiao,江桥
九三,js,0,SSX,Jiusan,九三
上海,jsb,0,EGH,Jinshanbei,金山北
嘉善,js,0,JSH,Jiashan,嘉善
京山,js,0,JCN,Jingshan,京山
建始,js,0,JRN,Jianshi,建始
稷山,js,0,JVV,Jishan,稷山
舒兰,js,0,JSL,Jishu,吉舒
大安,js,0,JET,Jianshe,建设
承德,js,0,JOP,Jiashan,甲山
建三江,jsj,0,JIB,Jiansanjiang,建三江
嘉善,jsn,0,EAH,Jiashannan,嘉善南
金山屯,jst,0,JTB,Jinshantun,金山屯
罗平,jst,0,JOM,Jiangsuotian,江所田
景泰,jt,0,JTJ,Jingtai,景泰
长春,jtn,0,JNL,Jiutainan,九台南
吉文,jw,0,JWX,Jiwen,吉文
进贤,jx,0,JUG,Jinxian,进贤
莒县,jx,0,JKK,Juxian,莒县
嘉祥,jx,0,JUK,Jiaxiang,嘉祥
介休,jx,0,JXV,Jiexiu,介休
嘉兴,jx,0,JXH,Jiaxing,嘉兴
石家庄,jx,0,JJP,Jingxing,井陉
嘉兴,jxn,0,EPH,Jiaxingnan,嘉兴南
大连,jxz,0,JXT,Jiaxinzi,夹心子
姜堰,jy,0,UEH,Jiangyan,姜堰
揭阳,jy,0,JRQ,Jieyang,揭阳
武夷山,jy,0,JYS,Jianyang,建阳
成都,jy,0,JYW,Jianyang,简阳
巨野,jy,0,JYK,Juye,巨野
江永,jy,0,JYZ,Jiangyong,江永
缙云,jy,0,JYH,Jinyun,缙云
靖远,jy,0,JYJ,Jingyuan,靖远
白山,jy,0,SZL,Jiangyuan,江源
济源,jy,0,JYF,Jiyuan,济源
白银,jyx,0,JXJ,Jingyuanxi,靖远西
胶州,jzb,0,JZK,Jiaozhoubei,胶州北
焦作,jzd,0,WEF,Jiaozuodong,焦作东
六安,jz,0,JZH,Jinzhai,金寨
靖州,jz,0,JEQ,Jingzhou,靖州
荆州,jz,0,JBN,Jingzhou,荆州
胶州,jz,0,JXK,Jiaozhou,胶州
石家庄,jz,0,JXP,Jinzhou,晋州
锦州,jzn,0,JOD,Jinzhounan,锦州南
焦作,jz,0,JOF,Jiaozuo,焦作
张家口,jzw,0,JVP,Jiuzhuangwo,旧庄窝
喀喇沁左翼,jzz,0,JYD,Jinzhangzi,金杖子
长春,ka,0,KAT,Kai'an,开安
库车,kc,0,KCR,Kuche,库车
武安,kc,0,KCP,kangcheng,康城
库都尔,kde,0,KDX,Kudu'er,库都尔
丹东,kd,0,KDT,Kuandian,宽甸
克东,kd,0,KOB,Kedong,克东
包头,kdlz,0,KDC,Kundulunzhao,昆都仑召
开江,kj,0,KAW,Kaijiang,开江
康金井,kjj,0,KJB,Kangjinjing,康金井
海拉尔,klq,0,KQX,Kalaqi,喀喇其
开鲁,kl,0,KLC,Kailu,开鲁
克拉玛依,klmy,0,KHR,Kelamayi,克拉玛依
永吉,kq,0,KQL,Kouqian,口前
昆山,ks,0,KSH,Kunshan,昆山
奎山,ks,0,KAB,Kuishan,奎山
克山,ks,0,KSB,Keshan,克山
通榆,kt,0,KTT,Kaitong,开通
钦州,kxl,0,KXZ,Kangxiling,康熙岭
昆明,ky,0,KAM,Kunyang,昆阳
克一河,kyh,0,KHX,Keyihe,克一河
开原,kyx,0,KXT,Kaiyuanxi,开原西
北京,kz,0,KZP,Kangzhuang,康庄
来宾,lb,0,UBZ,Laibin,来宾
营口,lb,0,LLT,Laobian,老边
灵宝,lbx,0,LPF,Lingbaoxi,灵宝西
龙川,lc,0,LUQ,Longchuan,龙川
乐昌,lc,0,LCQ,Lechang,乐昌
黎城,lc,0,UCP,Licheng,黎城
聊城,lc,0,UCK,Liaocheng,聊城
青岛,lc,0,LCK,Lancun,蓝村
两当,ld,0,LDY,Liangdang,两当
巴林左旗,ld,0,LRC,Lindong,林东
乐都,ld,0,LDO,Ledu,乐都
承德,ldx,0,LDP,Liangdixia,梁底下
承德,ldhz,0,LVP,Liudaohezi,六道河子
盘县,lf,0,LVM,Lufan,鲁番
廊坊,lf,0,LJP,Langfang,廊坊
廊坊,lf,0,LOP,Luofa,落垡
廊坊,lfb,0,LFP,Langfangbei,廊坊北
赤峰,lf,0,UFD,Laofu,老府
兰岗,lg,0,LNB,Langang,兰岗
禄丰,lgd,0,LGM,Longgudian,龙骨甸
罗平,lg,0,LOM,Lugou,芦沟
武威,lg,0,LGJ,Longgou,龙沟
拉古,lg,0,LGB,Lagu,拉古
临海,lh,0,UFH,Linhai,临海
林海,lh,0,LXX,Linhai,林海
拉哈,lh,0,LHX,Laha,拉哈
凌海,lh,0,JID,Linghai,凌海
柳河,lh,0,LNL,Liuhe,柳河
南京,lh,0,KLH,Liuhe,六合
景县,lh,0,LHP,Longhua,龙华
承德,lhy,0,UNP,Luanheyan,滦河沿
六合镇,lhz,0,LEX,Liuhezhen,六合镇
大连,ljd,0,LRT,Liangjiadian,亮甲店
长春,ljd,0,UDT,Liujiadian,刘家店
凤凰城,ljh,0,LVT,Liujiahe,刘家河
连江,lj,0,LKS,Lianjiang,连江
巢湖,lj,0,UJH,Lujiang,庐江
李家,lj,0,LJB,Lijia,李家
,lj,0,LJW,Luojiang,罗江
廉江,lj,0,LJZ,Lianjiang,廉江
大安,lj,0,UJT,Liangjia,两家
龙江,lj,0,LJX,Longjiang,龙江
长春,lj,0,UJL,Longjia,龙嘉
莲江口,ljk,0,LHB,Lianjiangkou,莲江口
莱芜,ljl,0,ULK,Linjialou,蔺家楼
兰州,ljp,0,LIJ,Lijiaping,李家坪
兰考,lk,0,LKF,Lankao,兰考
林口,lk,0,LKB,Linkou,林口
路口铺,lkp,0,LKQ,Lukoupu,路口铺
老莱,ll,0,LAX,Laolai,老莱
拉林,ll,0,LAB,Lalin,拉林
陆良,ll,0,LRM,Luliang,陆良
龙里,ll,0,LLW,Longli,龙里
临澧,ll,0,LWQ,Linli,临澧
兰棱,ll,0,LLB,Lanling,兰棱
永州,ll,0,UWZ,Lingling,零陵
秦皇岛,ll,0,UAP,Lulong,卢龙
喇嘛甸,lmd,0,LMX,Lamadian,喇嘛甸
里木店,lmd,0,LMB,Limudian,里木店
洛门,lm,0,LMJ,Luomen,洛门
龙南,ln,0,UNG,Longnan,龙南
梁平,lp,0,UQW,Liangping,梁平
罗平,lp,0,LPM,Luoping,罗平
北京,lpl,0,LPP,Luopoling,落坡岭
中卫,lps,0,UPJ,Liupanshan,六盘山
乐平市,lps,0,LPG,Lepingshi,乐平市
临清,lq,0,UQK,Linqing,临清
兰州,lqs,0,UQJ,Longquansi,龙泉寺
夹江,ls,0,UTW,Leshanbei,乐山北
昆明,lsc,0,LUM,Leshancun,乐善村
冷水江,lsjd,0,UDQ,Lengshuijiangdong,冷水江东
本溪县,lsg,0,LGT,Lianshanguan,连山关
承德,lsg,0,USP,Liushuigou,流水沟
陵水,ls,0,LIQ,Lingshui,陵水
丽水,ls,0,USH,Lishui,丽水
罗山,ls,0,LRN,Luoshan,罗山
鲁山,ls,0,LAF,Lushan,鲁山
梁山,ls,0,LMK,Liangshan,梁山
灵石,ls,0,LSV,Lingshi,灵石
抚松,lsh,0,LUL,Lushuihe,露水河
庐山,ls,0,LSG,Lushan,庐山
沈阳,lsp,0,LBT,Linshengpu,林盛堡
葫芦岛,lst,0,LSD,Liushutun,柳树屯
南靖,lsz,0,LAS,Longshanzhen,龙山镇
梨树镇,lsz,0,LSB,Lishuzhen,梨树镇
抚顺,lsz,0,LET,Lishizhai,李石寨
黎塘,lt,0,LTZ,Litang,黎塘
轮台,lt,0,LAR,Luntai,轮台
天津,lt,0,LTP,Lutai,芦台
禄丰,ltb,0,LBM,Longtangba,龙塘坝
崇左,lt,0,LVZ,Laituan,濑湍
兰州,ltx,0,LTJ,Luotuoxiang,骆驼巷
中卫,lw,0,VLJ,Liwang,李旺
莱芜,lwd,0,LWK,Laiwudong,莱芜东
嘉峪关,lws,0,LRJ,Langweishan,狼尾山
银川,lw,0,LNJ,Lingwu,灵武
莱芜,lwx,0,UXK,Laiwuxi,莱芜西
朗乡,lx,0,LXB,Langxiang,朗乡
陇县,lx,0,LXY,Longxian,陇县
临湘,lx,0,LXQ,Linxiang,临湘
芦溪,lx,0,LUG,Luxi,芦溪
莱西,lx,0,LXK,Laixi,莱西
林西,lx,0,LXC,Linxi,林西
唐山,lx,0,UXP,Luanxian,滦县
略阳,ly,0,LYY,Lueyang,略阳
莱阳,ly,0,LYK,Laiyang,莱阳
辽阳,ly,0,LYT,Liaoyang,辽阳
临沂,lyb,0,UYK,Linyibei,临沂北
凌源,lyd,0,LDD,Lingyuandong,凌源东
连云港,lyg,0,UIH,Lianyungang,连云港
临颍,ly,0,LNF,Linying,临颍
白山,ly,0,LXL,Laoying,老营
龙游,ly,0,LMH,Longyou,龙游
罗源,ly,0,LVS,Luoyuan,罗源
林源,ly,0,LYX,Linyuan,林源
涟源,ly,0,LAQ,Lianyuan,涟源
涞源,ly,0,LYP,Laiyuan,涞源
耒阳,lyx,0,LPQ,Leiyangxi,耒阳西
临泽,lz,0,LEJ,Linze,临泽
丹东,lzg,0,LZT,Longzhuagou,龙爪沟
雷州,lz,0,UAQ,Leizhou,雷州
六枝,lz,0,LIW,Liuzhi,六枝
鹿寨,lz,0,LIZ,Luzhai,鹿寨
来舟,lz,0,LZS,Laizhou,来舟
龙镇,lz,0,LZA,Longzhen,龙镇
攀枝花,lz,0,LEM,Lazha,拉鲊
兰州,lzxq,0,LQJ,Lanzhouxinqu,兰州新区
马鞍山,mas,0,MAH,Ma'anshan,马鞍山
,mb,0,MBY,Maoba,毛坝
紫阳,mbg,0,MGY,Maobaguan,毛坝关
麻城,mcb,0,MBN,Machengbei,麻城北
渑池,mc,0,MCF,Mianchi,渑池
磐石,mc,0,MCL,Mingcheng,明城
北京,mc,0,MAP,Miaocheng,庙城
渑池,mcn,0,MNF,Mianchinan,渑池南
,mcp,0,KPM,Maocaoping,茅草坪
猛洞河,mdh,0,MUQ,Mengdonghe,猛洞河
磨刀石,mds,0,MOB,Modaoshi,磨刀石
弥渡,md,0,MDF,Midu,弥渡
帽儿山,mes,0,MRB,Mao'ershan,帽儿山
明港,mg,0,MGN,Minggang,明港
梅河口,mhk,0,MHL,Meihekou,梅河口
钦州,mh,0,MHZ,Mahuang,马皇
孟家岗,mjg,0,MGB,Mengjiagang,孟家岗
海口,ml,0,MHQ,Meilan,美兰
汨罗,mld,0,MQQ,Miluodong,汨罗东
马莲河,mlh,0,MHB,Malianhe,马莲河
防城港,ml,0,MLZ,Maoling,茅岭
汪清,ml,0,MLL,Miaoling,庙岭
双辽,ml,0,MLD,Maolin,茂林
穆棱,ml,0,MLB,Muling,穆棱
赤峰,ml,0,MID,Malin,马林
马龙,ml,0,MGM,Malong,马龙
通辽,mlt,0,MUD,Mulitu,木里图
汨罗,ml,0,MLQ,Miluo,汨罗
玛纳斯湖,mnsh,0,MNR,Manasihu,玛纳斯湖
冕宁,mn,0,UGW,Mianning,冕宁
祥云,mp,0,MPQ,Mupang,沐滂
马桥河,mqh,0,MQB,Maqiaohe,马桥河
闽清,mq,0,MQS,Minqing,闽清
民权,mq,0,MQF,Minquan,民权
阿尔山,msh,0,MUT,Mingshuihe,明水河
麻山,ms,0,MAB,Mashan,麻山
眉山,ms,0,MSW,Meishan,眉山
冕宁,msw,0,MKW,Manshuiwan,漫水湾
昆明,msz,0,MOM,Maoshezu,茂舍祖
长春,msz,0,MST,Mishazi,米沙子
美溪,mx,0,MEB,Meixi,美溪
勉县,mx,0,MVY,Mianxian,勉县
麻阳,my,0,MVQ,Mayang,麻阳
北京,myb,0,MUP,Miyunbei,密云北
米易,my,0,MMW,Miyi,米易
麦园,my,0,MYS,Maiyuan,麦园
墨玉,my,0,MUR,Moyu,墨玉
平凉,mz,0,MZJ,Miaozhuang,庙庄
米脂,mz,0,MEY,Mizhi,米脂
珠海,mz,0,MFQ,Mingzhu,明珠
宁安,na,0,NAB,Ning'an,宁安
长春,na,0,NAT,Nong'an,农安
淄博,nbs,0,NBK,Nanboshan,南博山
淄博,nc,0,NCK,Nanqiu,南仇
易县,ncs,0,NSP,Nanchengsi,南城司
南宁,nc,0,NCZ,Ningcun,宁村
宁德,nd,0,NES,Ningde,宁德
北京,ngc,0,NGP,Nanguancun,南观村
南宫,ngd,0,NFP,Nangongdong,南宫东
大连,ngl,0,NLT,Nanguanling,南关岭
宁国,ng,0,NNH,Ningguo,宁国
宁海,nh,0,NHH,Ninghai,宁海
南华,nhb,0,NHS,Nanhuabei,南华北
天水,nhc,0,NHJ,Nanhechuan,南河川
义县,nhz,0,NHD,Nihezi,泥河子
科右前旗,nj,0,NVT,Ningjia,宁家
南靖,nj,0,NJS,Nanjing,南靖
牛家,nj,0,NJB,Niujia,牛家
北票,nj,0,NJD,Nengjia,能家
北京,nk,0,NKP,Nankou,南口
清原,nkq,0,NKT,Nankouqian,南口前
中山,nl,0,NNQ,Nanlang,南朗
喀喇沁旗,nl,0,NLD,Nailin,乃林
尼勒克,nlk,0,NIR,Nileke,尼勒克
南宁,nl,0,ULZ,Naluo,那罗
宁陵县,nlx,0,NLF,Ninglingxian,宁陵县
奈曼旗,nm,0,NMD,Naiman,奈曼
宁明,nm,0,NMZ,Ningming,宁明
南木,nm,0,NMX,Nanmu,南木
南平,npn,0,NNS,Nanpingnan,南平南
南宁,np,0,NPZ,Napu,那铺
建昌,nq,0,NQD,Nanqiao,南桥
那曲,nq,0,NQO,Naqu,那曲
银川,nq,0,NQJ,Nuanquan,暖泉
海城,nt,0,NTT,Nantai,南台
中山,nt,0,NOQ,Nantou,南头
宁武,nw,0,NWV,Ningwu,宁武
承德,nwz,0,NWP,Nanwanzi,南湾子
上海,nxb,0,NEH,Nanxiangbei,南翔北
宁乡,nx,0,NXQ,Ningxiang,宁乡
内乡,nx,0,NXF,Neixiang,内乡
本溪,nxt,0,NXT,Niuxintai,牛心台
石家庄,ny,0,NUP,Nanyu,南峪
阳泉,nzg,0,NIP,Niangziguan,娘子关
南召,nz,0,NAF,Nanzhao,南召
新宾,nzm,0,NZT,Nanzamu,南杂木
蓬安,pa,0,PAW,Peng'an,蓬安
舒兰,pa,0,PAL,Ping'an,平安
平安,pay,0,PNO,Ping'anyi,平安驿
天水,paz,0,PAJ,Pan'anzhen,磐安镇
白城,paz,0,PZT,Ping'anzhen,平安镇
蒲城,pcd,0,PEY,Puchengdong,蒲城东
蒲城,pc,0,PCY,Pucheng,蒲城
裴德,pd,0,PDB,Peide,裴德
武安,pd,0,PRP,Piandian,偏店
平顶山,pdsx,0,BFF,Pingdingshanxi,平顶山西
兰州,pdx,0,PXJ,Podixia,坡底下
抚顺,pet,0,PRT,Piao'ertun,瓢儿屯
平房,pf,0,PFB,Pingfang,平房
辽源,pg,0,PGL,Pinggang,平岗
盘县,pg,0,PGM,Pingguan,平关
盘县,pg,0,PAM,Panguan,盘关
平果,pg,0,PGZ,Pingguo,平果
武安,phb,0,PHP,Paihuaibei,徘徊北
沾益,phk,0,PHM,Pinghekou,平河口
深圳,ph,0,PHQ,Pinghu,平湖
盘山,pjb,0,PBD,Panjinbei,盘锦北
承德,pjd,0,PDP,Panjiadian,潘家店
大连,pk,0,PKT,Pikounan,皮口南
大连,pld,0,PLT,Pulandian,普兰店
本溪,pl,0,PNT,Pianling,偏岭
平山,ps,0,PSB,Pingshan,平山
彭山,ps,0,PSW,Pengshan,彭山
皮山,ps,0,PSR,Pishan,皮山
磐石,ps,0,PSL,Panshi,磐石
忻州,ps,0,PSV,Pingshe,平社
重庆,ps,0,PHW,Pengshui,彭水
白城,pt,0,PVT,Pingtai,平台
盘县,pt,0,PTM,Pingtian,平田
莆田,pt,0,PTS,Putian,莆田
六盘水,ptq,0,PTW,Putaojing,葡萄菁
大连,pw,0,PWT,Puwan,普湾
大同,pw,0,PWV,Pingwang,平旺
灵丘,pxg,0,PGV,Pingxingguan,平型关
越西,px,0,POW,Puxiong,普雄
成都,px,0,PWW,Pixian,郫县
平洋,py,0,PYX,Pingyang,平洋
中卫,py,0,PYJ,Pengyang,彭阳
平遥,py,0,PYV,Pingyao,平遥
平邑,py,0,PIK,Pingyi,平邑
张掖,pyp,0,PPJ,Pingyuanpu,平原堡
平原,py,0,PYK,Pingyuan,平原
北京,py,0,PYP,Pingyu,平峪
彭泽,pz,0,PZG,Pengze,彭泽
邳州,pz,0,PJH,Pizhou,邳州
赤峰,pz,0,PZD,Pingzhuang,平庄
阜新县,pz,0,POD,Paozi,泡子
喀喇沁旗,pzn,0,PND,Pingzhuangnan,平庄南
乾安,qa,0,QOT,Qian'an,乾安
庆安,qa,0,QAB,Qing'an,庆安
唐山,qa,0,QQP,Qian'an,迁安
祁东,qd,0,QRQ,Qidongbei,祁东北
昆明,qd,0,QDM,Qidian,七甸
曲阜,qfd,0,QAK,Qufudong,曲阜东
长岭,qf,0,QFT,Qingfeng,庆丰
保定,qft,0,QVP,Qifengta,奇峰塔
曲阜,qf,0,QFK,Qufu,曲阜
琼海,qh,0,QYQ,Qionghai,琼海
秦皇岛,qhd,0,QTP,Qinhuangdao,秦皇岛
宝鸡,qh,0,QUY,Qianhe,千河
北京,qh,0,QIP,Qinghe,清河
阜新,qhm,0,QHD,Qinghemen,清河门
北京,qhy,0,QHP,Qinghuayuan,清华园
全椒,qj,0,INH,Quanjiao,全椒
扶绥,qj,0,QJZ,Qujiu,渠旧
潜江,qj,0,QJN,Qianjiang,潜江
秦家,qj,0,QJB,Qinjia,秦家
重庆,qj,0,QJW,Qijiang,綦江
本溪县,qjp,0,QBT,Qijiapu,祁家堡
,qjx,0,QNY,Qingjianxian,清涧县
岢岚,qjz,0,QZV,Qinjiazhuang,秦家庄
义县,qlh,0,QLD,Qilihe,七里河
凤县,ql,0,QLY,Qinling,秦岭
扶绥,ql,0,QLZ,Quli,渠黎
鸡西,ql,0,QIB,Qinglong,青龙
淮北,qls,0,QGH,Qinglongshan,青龙山
祁门,qm,0,QIH,Qimen,祁门
深州,qmt,0,QMP,Qianmotou,前磨头
青山,qs,0,QSB,Qingshan,青山
确山,qs,0,QSN,Queshan,确山
珠海,qs,0,QXQ,Qianshan,前山
酒泉,qs,0,QUJ,Qingshui,清水
常州,qsy,0,QYH,Qishuyan,戚墅堰
青田,qt,0,QVH,Qingtian,青田
本溪,qt,0,QAT,Qiaotou,桥头
青铜峡,qtx,0,QTJ,Qingtongxia,青铜峡
绥中,qw,0,QWD,Qianwei,前卫
承德,qwt,0,QWP,Qianweitang,前苇塘
渠县,qx,0,QRW,Quxian,渠县
祁县,qx,0,QXV,Qixian,祁县
青县,qx,0,QXP,Qingxian,青县
嘉峪关,qx,0,QXJ,Qiaoxi,桥西
太原,qx,0,QUV,Qingxu,清徐
卓资,qxy,0,QXC,Qixiaying,旗下营
千阳,qy,0,QOY,Qianyang,千阳
沁阳,qy,0,QYF,Qinyang,沁阳
抚松,qy,0,QYL,Quanyang,泉阳
祁阳,qy,0,QVQ,Qiyangbei,祁阳北
中卫,qy,0,QYJ,Qiying,七营
武威,qys,0,QSJ,Qingyangshan,庆阳山
清远,qy,0,QBQ,Qingyuan,清远
清原,qy,0,QYT,Qingyuan,清原
钦州,qzd,0,QDZ,Qinzhoudong,钦州东
钦州,qz,0,QRZ,Qinzhou,钦州
青州,qzs,0,QZK,Qingzhoushi,青州市
瑞安,ra,0,RAH,Rui'an,瑞安
荣昌,rc,0,RCW,Rongchang,荣昌
瑞昌,rc,0,RCG,Ruichang,瑞昌
如皋,rg,0,RBH,Rugao,如皋
顺德,rg,0,RUQ,Ronggui,容桂
任丘,rq,0,RQP,Renqiu,任丘
乳山,rs,0,ROK,Rushan,乳山
融水,rs,0,RSZ,Rongshui,融水
赤峰,rs,0,RSD,Reshui,热水
容县,rx,0,RXZ,Rongxian,容县
饶阳,ry,0,RVP,Raoyang,饶阳
汝阳,ry,0,RYF,Ruyang,汝阳
黑山,ryh,0,RHD,Raoyanghe,绕阳河
汝州,rz,0,ROF,Ruzhou,汝州
中卫,sb,0,OBJ,Shiba,石坝
承德,sbc,0,SBP,Shangbancheng,上板城
施秉,sb,0,AQW,Shibing,施秉
承德,sbcn,0,OBP,Shangbanchengnan,上板城南
沈阳,sby,0,ZWT,Shiboyuan,世博园
双城,scb,0,SBB,Shuangchengbei,双城北
六安,sc,0,OCH,Shucheng,舒城
商城,sc,0,SWN,Shangcheng,商城
莎车,sc,0,SCR,Shache,莎车
顺昌,sc,0,SCS,Shunchang,顺昌
神池,sc,0,SMV,Shenchi,神池
张家口,sc,0,SCP,Shacheng,沙城
丹东,sc,0,SCT,Shicheng,石城
梅河口,scz,0,SCL,Shanchengzhen,山城镇
山丹,sd,0,SDJ,Shandan,山丹
顺德,sd,0,ORQ,Shunde,顺德
绥德,sd,0,ODY,Suide,绥德
通化,sd,0,SIL,Shuidong,水洞
商都,sd,0,SXC,Shangdu,商都
北京,sd,0,SEP,Shidu,十渡
敖汉旗,sdw,0,OUD,Sidaowan,四道湾
顺德,sdxy,0,OJQ,Shundexueyuan,顺德学院
乐清,sf,0,OLH,Shenfang,绅坊
双丰,sf,0,OFB,Shuangfeng,双丰
四方台,sft,0,STB,Sifangtai,四方台
水富,sf,0,OTW,Shuifu,水富
中卫,sgk,0,OKJ,Sanguankou,三关口
正蓝旗,sgdl,0,OGC,Sanggendalai,桑根达来
韶关,sg,0,SNQ,Shaoguan,韶关
莱芜,sgz,0,SVK,Shanggaozhen,上高镇
上杭,sh,0,JBS,Shanghang,上杭
建平,sh,0,SED,Shahai,沙海
盘县,sh,0,SBM,Songhe,松河
北京,sh,0,SHP,Shahe,沙河
大连,shk,0,SKT,Shahekou,沙河口
苏尼特右旗,shtl,0,SHC,Saihantala,赛汗塔拉
沙河,shs,0,VOP,Shaheshi,沙河市
兴城,shs,0,SSD,Shahousuo,沙后所
五常,sht,0,SHL,Shanhetun,山河屯
三河,shx,0,OXP,Sanhexian,三河县
围场,shy,0,OHD,Siheyong,四合永
渠县,shz,0,OZW,Sanhuizhen,三汇镇
永吉,shz,0,SEL,Shuanghezhen,双河镇
石河子,shz,0,SZR,Shihezi,石河子
北京,shz,0,SVP,Sanhezhuang,三合庄
北京,sjd,0,ODP,Sanjiadian,三家店
长丰,sjh,0,SQH,Shuijiahu,水家湖
中卫,sjh,0,OJJ,Shenjiahe,沈家河
抚松,sjh,0,SJL,Songjianghe,松江河
尚家,sj,0,SJB,Shangjia,尚家
孙家,sj,0,SUB,Sunjia,孙家
沈家,sj,0,OJB,Shenjia,沈家
吉林,sj,0,SML,Shuangji,双吉
上海,sj,0,SAH,Songjiang,松江
昌图,sjk,0,SKD,Sanjiangkou,三江口
莱芜,sjl,0,OLK,Sijialing,司家岭
上海,sjn,0,IMH,Songjiangnan,松江南
北京,sjsn,0,SRP,Shijingshannan,石景山南
兰州,sjt,0,SJJ,Shaojiatang,邵家堂
三江县,sjx,0,SOZ,Sanjiangxian,三江县
,sjz,0,SMM,Sanjiazhai,三家寨
阜新县,sjz,0,SJD,Shijiazi,十家子
安图,sjz,0,OZL,Songjiangzhen,松江镇
昆明,sjz,0,SHM,Shijiazui,施家嘴
沈阳,sjz,0,SWT,Shenjingzi,深井子
武安,sld,0,OMP,Shilidian,什里店
疏勒,sl,0,SUR,Shule,疏勒
瓜州,slh,0,SHJ,Shulehe,疏勒河
奈曼旗,slh,0,VLD,Shelihu,舍力虎
石磷,sl,0,SPB,Shilin,石磷
石林,sl,0,SLM,Shilin,石林
双辽,sl,0,ZJD,Shuangliao,双辽
绥棱,sl,0,SIB,Suiling,绥棱
四平,sl,0,SOL,Shiling,石岭
石林,sln,0,LNM,Shilinnan,石林南
石龙,sl,0,SLQ,Shilong,石龙
土默特右旗,slq,0,SLC,Salaqi,萨拉齐
科右前旗,sl,0,SNT,Suolun,索伦
商洛,sl,0,OLY,Shangluo,商洛
张家口,slz,0,SLP,Shalingzi,沙岭子
石门县,smxb,0,VFQ,Shimenxianbei,石门县北
三门峡,smxn,0,SCF,Sanmenxianan,三门峡南
三门,smx,0,OQH,Sanmenxian,三门县
石门县,smx,0,OMQ,Shimenxian,石门县
三门峡,smxx,0,SXF,Sanmenxiaxi,三门峡西
肃宁,sn,0,SYP,Suning,肃宁
宋,son,0,SOB,Song,宋
双牌,sp,0,SBZ,Shuangpai,双牌
四平,spd,0,PPT,Sipingdong,四平东
遂平,sp,0,SON,Suiping,遂平
中卫,spt,0,SFJ,Shapotou,沙坡头
南华,sq,0,SQM,Shaqiao,沙桥
商丘,sqn,0,SPF,Shangqiunan,商丘南
凌源,sq,0,SID,Shuiquan,水泉
石泉,sqx,0,SXY,Shiquanxian,石泉县
本溪,sqz,0,SQT,Shiqiaozi,石桥子
石人城,src,0,SRB,Shirencheng,石人城
白山,sr,0,SRL,Shiren,石人
山市,ss,0,SQB,Shanshi,山市
神树,ss,0,SWB,Shenshu,神树
鄯善,ss,0,SSR,Shanshan,鄯善
三水,ss,0,SJQ,Sanshui,三水
泗水,ss,0,OSK,Sishui,泗水
锦州,ss,0,SAD,Shishan,石山
大连,ss,0,SFT,Songshu,松树
辽阳,ss,0,SAT,Shoushan,首山
凌源,ssj,0,SRD,Sanshijia,三十家
大连,sslp,0,SST,Sanshilipu,三十里堡
白山,ssz,0,SSL,Songshuzhen,松树镇
松桃,st,0,MZQ,Songtao,松桃
海拉尔,sth,0,SHX,Suotuhan,索图罕
阜阳,stj,0,SDH,Santangji,三堂集
石头,st,0,OTB,Shitou,石头
朔州,st,0,SEV,Shentou,神头
盘县,st,0,SFM,Shatuo,沙沱
北京,sw,0,SWP,Shangwan,上万
孙吴,sw,0,SKB,Sunwu,孙吴
沙湾,swx,0,SXR,Shawanxian,沙湾县
歙县,sx,0,OVH,Shexian,歙县
遂溪,sx,0,SXZ,Suixi,遂溪
沙县,sx,0,SAS,Shaxian,沙县
绍兴,sx,0,SOH,Shaoxing,绍兴
图们,sx,0,SXL,Shixian,石岘
盘县,sxp,0,SXM,Shangxipu,上西铺
武威,sxz,0,SXJ,Shixiazi,石峡子
宿迁,sy,0,FMH,Shuyang,沭阳
绥阳,sy,0,SYB,Suiyang,绥阳
寿阳,sy,0,SYV,Shouyang,寿阳
长治,sy,0,OYP,Shuiyang,水洋
天水,syc,0,SYJ,Sanyangchuan,三阳川
武威,syd,0,SPJ,Shangyaodun,上腰墩
中卫,sy,0,OEJ,Sanying,三营
北京,sy,0,SOP,Shunyi,顺义
敖汉旗,syj,0,OYD,Sanyijing,三义井
柳河,syp,0,SYL,Sanyuanpu,三源浦
上虞,sy,0,BDH,Shangyu,上虞
三原,sy,0,SAY,Sanyuan,三原
北票,sy,0,SUD,Shangyuan,上园
兰州,sy,0,OYJ,Shuiyuan,水源
兰州,syz,0,SAJ,Sangyuanzi,桑园子
绥中,szb,0,SND,Suizhongbei,绥中北
苏州,szb,0,OHH,Suzhoubei,苏州北
宿州,szd,0,SRH,Suzhoudong,宿州东
深圳,szd,0,BJQ,Shenzhendong,深圳东
深州,sz,0,OZP,Shenzhou,深州
渭南,sz,0,OZY,Sunzhen,孙镇
绥中,sz,0,SZD,Suizhong,绥中
尚志,sz,0,SZB,Shangzhi,尚志
攀枝花,sz,0,SNM,Shizhuang,师庄
松滋,sz,0,SIN,Songzi,松滋
师宗,sz,0,SEM,Shizong,师宗
苏州,szyq,0,KAH,Suzhouyuanqu,苏州园区
苏州,szxq,0,ITH,Suzhouxinqu,苏州新区
泰安,ta,0,TMK,Tai'an,泰安
台安,ta,0,TID,Tai'an,台安
通安驿,tay,0,TAJ,Tong'anyi,通安驿
桐柏,tb,0,TBF,Tongbai,桐柏
通北,tb,0,TBB,Tongbei,通北
桐城,tc,0,TTH,Tongcheng,桐城
汤池,tc,0,TCX,Tangchi,汤池
郯城,tc,0,TZK,Tancheng,郯城
通化,tc,0,TCL,Tiechang,铁厂
桃村,tc,0,TCK,Taocun,桃村
通道,td,0,TRQ,Tongdao,通道
田东,td,0,TDZ,Tiandong,田东
蛟河,tg,0,TGL,Tiangang,天岗
,tgwl,0,TGC,Tuguiwula,土贵乌拉
柳河,tg,0,TOL,Tonggou,通沟
太谷,tg,0,TGV,Taigu,太谷
塔哈,th,0,THX,Taha,塔哈
禄丰,th,0,THM,Tanghai,棠海
唐河,th,0,THF,Tanghe,唐河
泰和,th,0,THG,Taihe,泰和
太湖,th,0,TKH,Taihu,太湖
团结,tj,0,TIX,Tuanjie,团结
古浪,tjj,0,TNJ,Tanjiajing,谭家井
公主岭,tjt,0,TOT,Taojiatun,陶家屯
珠海,tjw,0,PDQ,Tangjiawan,唐家湾
北京,tjz,0,TZP,Tongjunzhuang,统军庄
泰康,tk,0,TKX,Taikang,泰康
科右中旗,tlmd,0,TMD,Tuliemaodu,吐列毛杜
图里河,tlh,0,TEX,Tulihe,图里河
铜陵,tl,0,TJH,Tongling,铜陵
田林,tl,0,TFZ,Tianlin,田林
宁明,tl,0,TIZ,Tingliang,亭亮
铁力,tl,0,TLB,Tieli,铁力
铁岭,tlx,0,PXT,Tielingxi,铁岭西
图们,tmb,0,QSL,Tumenbei,图们北
天门,tm,0,TMN,Tianmen,天门
天门,tmn,0,TNN,Tianmennan,天门南
福鼎,tms,0,TLS,Taimushan,太姥山
察哈尔右翼后旗,tmet,0,TRC,Tumu'ertai,土牧尔台
武威,tmz,0,TCJ,Tumenzi,土门子
洮南,tn,0,TVT,Taonan,洮南
重庆,tn,0,TVW,Tongnan,潼南
长岭,tpc,0,TIT,Taipingchuan,太平川
太平镇,tpz,0,TEB,Taipingzhen,太平镇
图强,tq,0,TQX,Tuqiang,图强
台前,tq,0,TTK,Taiqian,台前
汪清,tql,0,TQL,Tianqiaoling,天桥岭
中卫,tqz,0,TQJ,Tuqiaozi,土桥子
丹东,tsc,0,TCT,Tangshancheng,汤山城
桃山,ts,0,TAB,Taoshan,桃山
禄丰,tsz,0,TIM,Tashizui,塔石嘴
松原,tt,0,TUT,Tongtu,通途
汤旺河,twh,0,THB,Tangwanghe,汤旺河
同心,tx,0,TXJ,Tongxin,同心
渠县,tx,0,TSW,Tuxi,土溪
嘉兴,tx,0,TCH,Tongxiang,桐乡
田阳,ty,0,TRZ,Tianyang,田阳
宁城,ty,0,TND,Tianyi,天义
汤阴,ty,0,TYF,Tangyin,汤阴
柳河,tyl,0,TIL,Tuoyaoling,驼腰岭
吴忠,tys,0,TYJ,Taiyangshan,太阳山
汤原,ty,0,TYB,Tangyuan,汤原
保定,tyy,0,TYP,Tayayi,塔崖驿
滕州,tzd,0,TEK,Tengzhoudong,滕州东
台州,tz,0,TZH,Taizhou,台州
天祝,tz,0,TZJ,Tianzhu,天祝
滕州,tz,0,TXK,Tengzhou,滕州
天镇,tz,0,TZV,Tianzhen,天镇
盐边,tzl,0,TEW,Tongzilin,桐子林
安庆,tzs,0,QWH,Tianzhushan,天柱山
文安,wa,0,WBP,Wen'an,文安
武安,wa,0,WAP,Wu'an,武安
涞源,waz,0,WVP,Wang'anzhen,王安镇
吴堡,wb,0,WUY,Wubu,吴堡
旺苍,wc,0,WEW,Wangcang,旺苍
阿尔山,wcg,0,WCT,Wuchagou,五叉沟
文昌,wc,0,WEQ,Wenchang,文昌
温春,wc,0,WDB,Wenchun,温春
五大连池,wdlc,0,WRB,Wudalianchi,五大连池
威海,wd,0,WBK,Wendeng,文登
柳河,wdg,0,WDL,Wudaogou,五道沟
承德,wdh,0,WHP,Wudaohe,五道河
博白,wd,0,WNZ,Wendi,文地
科右前旗,wd,0,WVT,Weidong,卫东
丹江口,wds,0,WRN,Wudangshan,武当山
望都,wd,0,WDP,Wangdu,望都
乌尔旗汗,weqh,0,WHX,Wu'erqihan,乌尔旗汗
潍坊,wf,0,WFK,Weifang,潍坊
万发屯,wft,0,WFB,Wanfatun,万发屯
松原,wf,0,WUT,Wangfu,王府
大连,wfdx,0,WXT,Wafangdianxi,瓦房店西
王岗,wg,0,WGB,Wanggang,王岗
武功,wg,0,WGY,Wugong,武功
白山,wg,0,WGL,Wangou,湾沟
马龙,wgt,0,WGM,Wuguantian,吴官田
乌海,wh,0,WVC,Wuhai,乌海
苇河,wh,0,WHB,Weihe,苇河
卫辉,wh,0,WHF,Weihui,卫辉
白银,wjc,0,WCJ,Wujiachuan,吴家川
五家,wj,0,WUB,Wujia,五家
盘县,wj,0,WAM,Weiqing,威箐
武安,wj,0,WJP,Wuji,午汲
辽源,wj,0,WJL,Weijin,渭津
兰州,wjw,0,WJJ,Wangjiawan,王家湾
倭肯,wk,0,WQB,Woken,倭肯
长春,wks,0,WKT,Wukeshu,五棵树
丹东,wlb,0,WBT,Wulongbei,五龙背
察哈尔右翼后旗,wlhd,0,WLC,Wulanhada,乌兰哈达
万乐,wl,0,WEB,Wanle,万乐
瓦拉干,wlg,0,WVX,Walagan,瓦拉干
温岭,wl,0,VHH,Wenling,温岭
五莲,wl,0,WLK,Wulian,五莲
乌拉特前旗,wltqq,0,WQC,Wulateqianqi,乌拉特前旗
乌拉特前旗,wls,0,WSC,Wulashan,乌拉山
卧里屯,wlt,0,WLX,Wolitun,卧里屯
渭南,wnb,0,WBY,Weinanbei,渭南北
乌奴耳,wne,0,WRX,Wunu'er,乌奴耳
万宁,wn,0,WNQ,Wanning,万宁
万年,wn,0,WWG,Wannian,万年
渭南,wnn,0,WVY,Weinannan,渭南南
天水,wnz,0,WNJ,Weinanzhen,渭南镇
长春,wp,0,WPT,Wopi,沃皮
吴桥,wq,0,WUP,Wuqiao,吴桥
汪清,wq,0,WQL,Wangqing,汪清
天津,wq,0,WWP,Wuqing,武清
武山,ws,0,WSJ,Wushan,武山
文水,ws,0,WEV,Wenshui,文水
北京,wsz,0,WSP,Weishanzhuang,魏善庄
景县,wt,0,WTP,Wangtong,王瞳
繁峙,wts,0,WSV,Wutaishan,五台山
中卫,wtz,0,WZJ,Wangtuanzhuang,王团庄
五五新镇,ww,0,WVR,Wuwu,五五
无锡,wxd,0,WGH,Wuxidong,无锡东
卫星,wx,0,WVB,Weixing,卫星
闻喜,wx,0,WXV,Wenxi,闻喜
武乡,wx,0,WVV,Wuxiang,武乡
无锡,wxxq,0,IFH,Wuxixinqu,无锡新区
武穴,wx,0,WXN,Wuxue,武穴
南宁,wx,0,WYZ,Wuxu,吴圩
王杨,wy,0,WYB,Wangyang,王杨
武义,wy,0,RYH,Wuyi,武义
五营,wy,0,WWB,Wuying,五营
盘县,wyt,0,WIM,Wayaotian,瓦窑田
五原,wy,0,WYC,Wuyuan,五原
图们,wzg,0,WZL,Weizigou,苇子沟
澄城,wz,0,WZY,Weizhuang,韦庄
五寨,wz,0,WZV,Wuzhai,五寨
哈尔滨,wzt,0,WZB,Wangzhaotun,王兆屯
潞城,wzz,0,WQP,Weizizhen,微子镇
凌源,wzz,0,WKD,Weizhangzi,魏杖子
师宗,xa,0,EAM,Xin'an,新安
兴安,xa,0,XAZ,Xing'an,兴安
新安县,xax,0,XAF,Xin'anxian,新安县
张家口,xba,0,XAP,Xinbao'an,新保安
承德,xbc,0,EBP,Xiabancheng,下板城
张家口,xbl,0,XLP,Xibali,西八里
宣城,xc,0,ECH,Xuancheng,宣城
兴城,xc,0,XCD,Xingcheng,兴城
牟定,xc,0,XEM,Xiaocun,小村
新绰源,xcy,0,XRX,Xinchuoyuan,新绰源
下城子,xcz,0,XCB,Xiachengzi,下城子
沈阳,xcz,0,XCT,Xinchengzi,新城子
喜德,xd,0,EDW,Xide,喜德
罗平,xdj,0,EJM,Xiaodejiang,小得江
承德,xdm,0,XMP,Xidamiao,西大庙
钦州,xd,0,XEZ,Xiaodong,小董
黑山,xd,0,XOD,Xiaodong,小东
信丰,xf,0,EFG,Xinfeng,信丰
襄汾,xf,0,XFV,Xiangfen,襄汾
贵阳,xf,0,XFW,Xifeng,息烽
新干,xg,0,EGG,Xingan,新干
孝感,xg,0,XGN,Xiaogan,孝感
西固城,xgc,0,XUJ,Xigucheng,西固城
兰州,xg,0,XIJ,Xigu,西固
兰州,xgy,0,XGJ,Xiaguanying,夏官营
西岗子,xgz,0,NBB,Xigangzi,西岗子
襄河,xh,0,XXB,Xianghe,襄河
新和,xh,0,XIR,Xinhe,新和
中卫,xh,0,XWJ,Xuanhe,宣和
北京,xhj,0,EEP,Xiehejian,斜河涧
新华屯,xht,0,XAX,Xinhuatun,新华屯
新华,xh,0,XHB,Xinhua,新华
新化,xh,0,EHQ,Xinhua,新化
张家口,xh,0,XHP,Xuanhua,宣化
兴和,xhx,0,XEC,Xinghexi,兴和西
敖汉旗,xhy,0,XYD,Xiaoheyan,小河沿
张家口,xhy,0,XYP,Xiahuayuan,下花园
旬阳,xhz,0,EKY,Xiaohezhen,小河镇
徐家,xj,0,XJB,Xujia,徐家
峡江,xj,0,EJG,Xiajiang,峡江
新绛,xj,0,XJV,Xinjiang,新绛
辛集,xj,0,ENP,Xinji,辛集
攀枝花,xj,0,XJM,Xinjiang,新江
昆明,xjk,0,EKM,Xijiekou,西街口
大连,xjt,0,XJT,Xujiatun,许家屯
兰州,xjt,0,XTJ,Xujiatai,许家台
长春,xjz,0,XMT,Xiejiazhen,谢家镇
兴凯,xk,0,EKB,Xingkai,兴凯
中山,xl,0,EAQ,Xiaolan,小榄
香兰,xl,0,XNB,Xianglan,香兰
沈阳,xld,0,XDD,Xinglongdian,兴隆店
新乐,xl,0,ELP,Xinle,新乐
新林,xl,0,XPX,Xinlin,新林
小岭,xl,0,XLB,Xiaoling,小岭
平凉,xl,0,XLJ,Xinli,新李
西林,xl,0,XYB,Xilin,西林
海城,xl,0,GCT,Xiliu,西柳
南京,xl,0,XPH,Xianlin,仙林
黑山,xlt,0,XLD,Xinlitun,新立屯
兴隆镇,xlz,0,XZB,Xinglongzhen,兴隆镇
长春,xlz,0,XGT,Xinlizhen,新立镇
沈阳,xm,0,XMD,Xinmin,新民
西麻山,xms,0,XMB,Ximashan,西麻山
本溪,xmt,0,XAT,Xiamatang,下马塘
孝义,xn,0,XNV,Xiaonan,孝南
咸宁,xnb,0,XRN,Xianningbei,咸宁北
兴宁,xn,0,ENQ,Xingning,兴宁
咸宁,xn,0,XNN,Xianning,咸宁
成都,xpd,0,XAW,Xipudong,犀浦东
西平,xp,0,XPN,Xiping,西平
兴平,xp,0,XPY,Xingping,兴平
兴义,xpt,0,XPM,Xinpingtian,新坪田
霞浦,xp,0,XOS,Xiapu,霞浦
溆浦,xp,0,EPQ,Xupu,溆浦
成都,xp,0,XIW,Xipu,犀浦
新青,xq,0,XQB,Xinqing,新青
阜新,xq,0,XQD,Xinqiu,新邱
白银,xqp,0,XQJ,Xingquanbu,兴泉堡
抚松,xrq,0,XRL,Xianrenqiao,仙人桥
承德,xsg,0,ESP,Xiaosigou,小寺沟
杏树,xs,0,XSB,Xingshu,杏树
浠水,xs,0,XZN,Xishui,浠水
代县,xs,0,XSV,Xiashe,下社
保定,xs,0,XSP,Xushui,徐水
凭祥,xs,0,XIZ,Xiashi,夏石
昆明,xs,0,XAM,Xiaoshao,小哨
新松浦,xsp,0,XOB,Xinsongpu,新松浦
大连,xst,0,XDT,Xingshutun,杏树屯
酒泉,xsw,0,XSJ,Xusanwan,许三湾
湘潭,xt,0,XTQ,Xiangtan,湘潭
邢台,xt,0,XTP,Xingtai,邢台
仙桃,xtx,0,XAN,Xiantaoxi,仙桃西
承德,xtz,0,EIP,Xiataizi,下台子
徐闻,xw,0,XJQ,Xuwen,徐闻
敖汉旗,xwp,0,EPD,Xinwopu,新窝铺
修武,xw,0,XWF,Xiuwu,修武
新县,xx,0,XSN,Xinxian,新县
息县,xx,0,ENN,Xixian,息县
西乡,xx,0,XQY,Xixiang,西乡
湘乡,xx,0,XXQ,Xiangxiang,湘乡
西峡,xx,0,XIF,Xixia,西峡
孝义,xx,0,XOV,Xiaoxi,孝西
昆明,xxj,0,XXM,Xiaoxinjie,小新街
新兴县,xxx,0,XGQ,Xinxingxian,新兴县
乌拉特前旗,xxz,0,XZC,Xixiaozhao,西小召
保定,xxz,0,XXP,Xiaoxizhuang,小西庄
向阳,xy,0,XDB,Xiangyang,向阳
旬阳,xy,0,XUY,Xunyang,旬阳
旬阳,xyb,0,XBY,Xunyangbei,旬阳北
襄阳,xyd,0,XWN,Xiangyangdong,襄阳东
兴业,xy,0,SNZ,Xingye,兴业
盘县,xyg,0,XHM,Xiaoyugu,小雨谷
信宜,xy,0,EEQ,Xinyi,信宜
元谋,xyj,0,XFM,Xiaoyuejiu,小月旧
小扬气,xyq,0,XYX,Xiaoyangqi,小扬气
祥云,xy,0,EXM,Xiangyun,祥云
襄垣,xy,0,EIF,Xiangyuan,襄垣
夏邑县,xyx,0,EJH,Xiayixian,夏邑县
新友谊,xyy,0,EYB,Xinyouyi,新友谊
天水,xyz,0,XZJ,Xinyangzhen,新阳镇
徐州,xzd,0,UUH,Xuzhoudong,徐州东
新帐房,xzf,0,XZX,Xinzhangfang,新帐房
涉县,xz,0,XRP,Xuanzhong,悬钟
肇源,xz,0,XZT,Xinzhao,新肇
忻州,xz,0,XXV,Xinzhou,忻州
宁城,xz,0,XZD,Xizi,汐子
科右中旗,xzlm,0,XRD,Xizhelimu,西哲里木
承德,xzz,0,ERP,Xinzhangzi,新杖子
姚安,ya,0,YAC,Yao'an,姚安
依安,ya,0,YAX,Yi'an,依安
永安,ya,0,YAS,Yong'an,永安
永安乡,yax,0,YNB,Yong'anxiang,永安乡
亚布力,ybl,0,YBB,Yabuli,亚布力
赤峰,ybs,0,YUD,Yuanbaoshan,元宝山
羊草,yc,0,YAB,Yangcao,羊草
陆良,ycd,0,YKM,Yangcaodi,秧草地
昆山,ych,0,AIH,Yangchenghu,阳澄湖
迎春,yc,0,YYB,Yingchun,迎春
叶城,yc,0,YER,Yecheng,叶城
吴忠,yc,0,YKJ,Yanchi,盐池
商洛,yc,0,YYY,Yanchuan,砚川
阳春,yc,0,YQQ,Yangchun,阳春
宜城,yc,0,YIN,Yicheng,宜城
应城,yc,0,YHN,Yingcheng,应城
禹城,yc,0,YCK,Yucheng,禹城
晏城,yc,0,YEK,Yancheng,晏城
阳城,yc,0,YNF,Yangcheng,阳城
集安,yc,0,YAL,Yangcha,阳岔
郓城,yc,0,YPK,Yuncheng,郓城
北京,yc,0,YAP,Yanchi,雁翅
保定,ycl,0,ACP,Yuncailing,云彩岭
虞城,ycx,0,IXH,Yuchengxian,虞城县
大连,ycz,0,YCT,Yingchengzi,营城子
英德,yd,0,YDQ,Yingde,英德
兰州,yd,0,YDJ,Yongdeng,永登
元谋,yd,0,YDM,Yindi,尹地
永定,yd,0,YGS,Yongding,永定
乐清,yds,0,YGH,Yandangshan,雁荡山
于都,yd,0,YDG,Yudu,于都
武威,yd,0,YAJ,Yuandun,园墩
英德,ydx,0,IIQ,Yingdexi,英德西
昆明,yfy,0,YYM,Yongfengying,永丰营
杨岗,yg,0,YRB,Yanggang,杨岗
阳高,yg,0,YOV,Yanggao,阳高
阳谷,yg,0,YIK,Yanggu,阳谷
友好,yh,0,YOB,Youhao,友好
杭州,yh,0,EVH,Yuhang,余杭
北京,yhc,0,YHP,Yanhecheng,沿河城
阳泉,yh,0,AEP,Yanhui,岩会
牟定,yjh,0,YHM,Yangjiuhe,羊臼河
永嘉,yj,0,URH,Yongjia,永嘉
,yj,0,YAM,Yingjie,营街
盐津,yj,0,AEW,Yanjin,盐津
余江,yj,0,YHG,Yujiang,余江
三河,yj,0,AJP,Yanjiao,燕郊
长春,yj,0,YAT,Yaojia,姚家
武威,yjj,0,YGJ,Yuejiajing,岳家井
长春,yjp,0,YJT,Yijianpu,一间堡
英吉沙,yjs,0,YIR,Yingjisha,英吉沙
北京,yjs,0,AFP,Yunjusi,云居寺
莱芜,yjz,0,AZK,Yanjiazhuang,燕家庄
永康,yk,0,RFH,Yongkang,永康
营口,ykd,0,YGT,Yingkoudong,营口东
银浪,yl,0,YJX,Yinlang,银浪
德昌,yl,0,YLW,Yonglang,永郎
昆明,ylb,0,YSM,Yiliangbei,宜良北
泾阳,yld,0,YDY,Yongledian,永乐店
伊拉哈,ylh,0,YLX,Yilaha,伊拉哈
伊林,yl,0,YLB,Yilin,伊林
杨陵,yl,0,YSY,Yangling,杨陵
彝良,yl,0,ALW,Yiliang,彝良
昆明,yl,0,YLM,Yanglin,杨林
通辽,ylp,0,YLD,Yuliangpu,余粮堡
天津,ylq,0,YQP,Yangliuqing,杨柳青
盘县,ylt,0,YUM,Yueliangtian,月亮田
义马,ym,0,YMF,Yima,义马
代县,ymb,0,YVV,Yangmingbu,阳明堡
玉门,ym,0,YXJ,Yumen,玉门
云梦,ym,0,YMN,Yunmeng,云梦
元谋,ym,0,YMM,Yuanmou,元谋
丹东,yms,0,YST,Yimianshan,一面山
沂南,yn,0,YNK,Yinan,沂南
昆明,yn,0,YVM,Yinai,宜耐
伊宁县,ynd,0,YNR,Yiningdong,伊宁东
白银,yps,0,YZJ,Yingpanshui,营盘水
昆明,yp,0,ABM,Yangpu,羊堡
阳泉,yqb,0,YPP,Yangquanbei,阳泉北
乐清,yq,0,UPH,Yueqing,乐清
焉耆,yq,0,YSR,Yanqi,焉耆
淄博,yq,0,AQK,Yuanqian,源迁
沈阳,yqht,0,YQT,Yaoqianhutun,姚千户屯
太原,yq,0,YQV,Yangqu,阳曲
承德,ysg,0,YGP,Yushugou,榆树沟
月山,ys,0,YBF,Yueshan,月山
金昌,ys,0,YSJ,Yushi,玉石
盘县,ys,0,AUM,Yushe,玉舍
偃师,ys,0,YSF,Yanshi,偃师
沂水,ys,0,YUK,Yishui,沂水
榆社,ys,0,YSV,Yushe,榆社
阜阳,ys,0,YVH,Yingshang,颍上
承德,ys,0,ASP,Yaoshang,窑上
石家庄,ys,0,YSP,Yuanshi,元氏
平泉,ysl,0,YAD,Yangshuling,杨树岭
涞水,ysp,0,AIP,Yesanpo,野三坡
榆树屯,yst,0,YSX,Yushutun,榆树屯
沈阳,yst,0,YUT,Yushutai,榆树台
承德,ysyz,0,YIP,Yingshouyingzi,鹰手营子
清远,yt,0,YTQ,Yuantan,源潭
通道,ytp,0,YTZ,Yatunpu,牙屯堡
磐石,yts,0,YSL,Yantongshan,烟筒山
烟筒屯,ytt,0,YUX,Yantongtun,烟筒屯
富源,yws,0,YWM,Yangweishao,羊尾哨
越西,yx,0,YHW,Yuexi,越西
攸县,yx,0,YOG,Youxian,攸县
永修,yx,0,ACG,Yongxiu,永修
玉溪,yxx,0,YXM,Yuxixi,玉溪西
弋阳东,yy,0,YIG,Yiyang,弋阳
余姚,yy,0,YYH,Yuyao,余姚
重庆,yy,0,AFW,Youyang,酉阳
岳阳,yyd,0,YIQ,Yueyangdong,岳阳东
武安,yy,0,ARP,Yangyi,阳邑
通化,yy,0,YYL,Yayuan,鸭园
天水,yyz,0,YYJ,Yuanyangzhen,鸳鸯镇
宁强,yzb,0,YZY,Yanzibian,燕子砭
仪征,yz,0,UZH,Yizheng,仪征
宜州,yz,0,YSZ,Yizhou,宜州
济宁,yz,0,YZK,Yanzhou,兖州
攀枝花,yz,0,YQM,Yizi,迤资
罗平,yzw,0,AEM,Yangzhewo,羊者窝
凌源,yzz,0,YZD,Yangzhangzi,杨杖子
镇安,za,0,ZEY,Zhen'an,镇安
奈曼旗,za,0,ZAD,Zhi'an,治安
保定,zb,0,ZBP,Zhaobai,招柏
承德,zbw,0,ZUP,Zhangbaiwan,张百湾
兰州,zcjc,0,ZJJ,Zhongchuanjichang,中川机场
,zc,0,ZCN,Zhicheng,枝城
子长,zc,0,ZHY,Zichang,子长
诸城,zc,0,ZQK,Zhucheng,诸城
邹城,zc,0,ZIK,Zoucheng,邹城
洪洞,zc,0,ZCV,Zhaocheng,赵城
抚顺,zd,0,ZHT,Zhangdang,章党
石家庄,zd,0,ZDP,Zhengding,正定
肇东,zd,0,ZDB,Zhaodong,肇东
马龙,zfp,0,ZFM,Zhaofupu,照福铺
彰武,zgt,0,ZGD,Zhanggutai,章古台
赵光,zg,0,ZGB,Zhaoguang,赵光
中和,zh,0,ZHX,Zhonghe,中和
南京,zhm,0,VNH,Zhonghuamen,中华门
枝江,zjb,0,ZIN,Zhijiangbei,枝江北
阎良,zjc,0,ZJY,Zhongjiacun,钟家村
朱家沟,zjg,0,ZUB,Zhujiagou,朱家沟
易县,zjg,0,ZYP,Zijingguan,紫荆关
周家,zj,0,ZOB,Zhoujia,周家
诸暨,zj,0,ZDH,Zhuji,诸暨
镇江,zjn,0,ZEH,Zhenjiangnan,镇江南
义县,zjt,0,ZOD,Zhoujiatun,周家屯
中卫,zjw,0,CWJ,Zhujiawan,褚家湾
湛江,zjx,0,ZWQ,Zhanjiangxi,湛江西
白银,zjy,0,ZUJ,Zhujiayao,朱家窑
大关,zjpz,0,ZBW,Zengjiapingzi,曾家坪子
介休,zl,0,ZLV,Zhanglan,张兰
镇赉,zl,0,ZLT,Zhenlai,镇赉
代县,zl,0,ZIV,Zaolin,枣林
扎鲁特旗,zlt,0,ZLD,Zhalute,扎鲁特
扎赉诺尔西,zlrex,0,ZXX,Zhalainuo'erxi,扎赉诺尔西
东莞,zmt,0,ZOQ,Zhangmutou,樟木头
中牟,zm,0,ZGF,Zhongmu,中牟
中宁,znd,0,ZDJ,Zhongningdong,中宁东
中宁,zn,0,VNJ,Zhongning,中宁
中卫,znn,0,ZNJ,Zhongningnan,中宁南
镇平,zp,0,ZPF,Zhenping,镇平
漳平,zp,0,ZPS,Zhangping,漳平
泽普,zp,0,ZPR,Zepu,泽普
枣强,zq,0,ZVP,Zaoqiang,枣强
阎良,zq,0,ZQY,Zhangqiao,张桥
济南,zq,0,ZTK,Zhangqiu,章丘
苏尼特右旗,zrh,0,ZRC,Zhurihe,朱日和
禄丰,zrl,0,ZLM,Zerunli,泽润里
中山,zsb,0,ZGQ,Zhongshanbei,中山北
樟树,zsd,0,ZOG,Zhangshudong,樟树东
霍林郭勒,zsh,0,ZHD,Zhusihua,珠斯花
中山,zs,0,ZSQ,Zhongshan,中山
柞水,zs,0,ZSY,Zhashui,柞水
钟山,zs,0,ZSZ,Zhongshan,钟山
樟树,zs,0,ZSG,Zhangshu,樟树
北京,zw,0,ZOP,Zhuwo,珠窝
张维屯,zwt,0,ZWB,Zhangweitun,张维屯
彰武,zw,0,ZWD,Zhangwu,彰武
旬阳,zx,0,ZOY,Zongxi,棕溪
钟祥,zx,0,ZTN,Zhongxiang,钟祥
资溪,zx,0,ZXS,Zixi,资溪
白城,zx,0,ZVT,Zhenxi,镇西
北京,zx,0,ZIP,Zhangxin,张辛
正镶白旗,zxbq,0,ZXC,Zhengxiangbaiqi,正镶白旗
紫阳,zy,0,ZVY,Ziyang,紫阳
枣阳,zy,0,ZYN,Zaoyang,枣阳
青川,zyb,0,ZAW,Zhuyuanba,竹园坝
张掖,zy,0,ZYJ,Zhangye,张掖
镇远,zy,0,ZUW,Zhenyuan,镇远
漳州,zzd,0,GOS,Zhangzhoudong,漳州东
漳州,zz,0,ZUS,Zhangzhou,漳州
壮志,zz,0,ZUX,Zhuangzhi,壮志
子洲,zz,0,ZZY,Zizhou,子洲
师宗,zz,0,ZZM,Zhongzhai,中寨
涿州,zz,0,ZXP,Zhuozhou,涿州
白山,zz,0,ZAL,Zhazi,咋子
卓资,zzs,0,ZZC,Zhuozishan,卓资山
株洲,zzx,0,ZAQ,Zhuzhouxi,株洲西
郑州,zzx,0,XPF,Zhengzhouxi,郑州西
,abgq,0,AQC,Abagaqi,阿巴嘎旗
阿尔山,aesb,0,ARX,Aershanbei,阿尔山北
阿勒泰,alt,0,AUR,Aletai,阿勒泰
安仁,ar,0,ARG,Anren,安仁
安顺,asx,0,ASE,Anshunxi,安顺西
安图,atx,0,AXL,Antuxi,安图西
安阳,ayd,0,ADF,Anyangdong,安阳东
博白,bb,0,BBZ,BoBai,博白
织金,bb,0,BBE,Babu,八步
如东,bc,0,FWH,Bencha,栟茶
保定,bdd,0,BMP,Baodingdong,保定东
长沙,bfs,0,FGQ,Bafangshan,八方山
雄县,bg,0,FEP,Baigou,白沟
天津,bh,0,FHP,Binhai,滨海
天津,bhb,0,FCP,Binhaibei,滨海北
宝鸡,bjn,0,BBY,Baoji'nan,宝鸡南
东港,bjz,0,BRT,Beijingzi,北井子
儋州,bmj,0,BFQ,Baimajing,白马井
宝清,bq,0,BUB,Baoqing,宝清
重庆,bs,0,FZW,Bishan,璧山
阳新,bsp,0,BSN,Baishapu,白沙铺
白水,bsx,0,BGY,Baishuixian,白水县
湘潭,bt,0,NGQ,Bantang,板塘
本溪,bxxc,0,BVT,Benxixincheng,本溪新城
彬县,bx,0,BXY,Binxian,彬县
黎塘,by,0,UKZ,Binyang,宾阳
容城,byd,0,FWP,Baiyangdian,白洋淀
贵阳,by,0,FHW,Baiyi,百宜
西乌珠穆沁旗,byhn,0,FNC,Baiyinhuanan,白音华南
,bzd,0,BDE,Bazhongdong,巴中东
滨州,bz,0,BIK,Binzhou,滨州
霸州,bzx,0,FOP,Bazhouxi,霸州西
澄城,cc,0,CUY,Chengcheng,澄城
城固,cgb,0,CBY,Chenggubei,城固北
松原,cgh,0,VAT,Chaganhu,查干湖
巢湖,chd,0,GUH,Chaohudong,巢湖东
从江,cj,0,KNW,Congjiang,从江
,ck,0,CVO,Chaka,茶卡
合肥,clh,0,FVH,Changlinhe,长临河
茶陵,cln,0,CNG,Chalingnan,茶陵南
东莞,cpd,0,FQQ,ChangPingDong,常平东
东莞,cpn,0,FPQ,Changpingnan,常平南
长庆桥,cqq,0,CQJ,Changqingqiao,长庆桥
长寿,csb,0,COW,Changshoubei,长寿北
长寿,csh,0,CSE,Changshouhu,长寿湖
潮州,cs,0,CBQ,Chaoshan,潮汕
衢州,cs,0,CSU,Changshan,常山
长沙,csx,0,RXQ,Changshaxi,长沙西
,ct,0,CTE,Chaotian,朝天
长汀,ctn,0,CNS,Changtingnan,长汀南
长武,cw,0,CWY,Changwu,长武
长兴,cx,0,CBH,Changxing,长兴
苍溪,cx,0,CXE,Cangxi,苍溪
长阳,cy,0,CYN,Changyang,长阳
汕头,cy,0,CNQ,Chaoyang,潮阳
大连,czt,0,CWT,Chengzitan,城子坦
东安,dad,0,DCZ,Dong'andong,东安东
德保,db,0,RBZ,Debao,德保
都昌,dc,0,DCG,Duchang,都昌
天水,dc,0,DCJ,Dongcha,东岔
东莞,dcn,0,IYQ,Dongchengnan,东城南
绥中,ddh,0,RDD,Dongdaihe,东戴河
丹东,ddx,0,RWT,Dandongxi,丹东西
,dedh,0,DRB,Dong'erdaohe,东二道河
株洲,df,0,KRQ,Dafeng,大丰
大方,dfn,0,DNE,Dafangnan,大方南
东港,dgb,0,RGT,Donggangbei,东港北
东港,dgs,0,RMT,Dagushan,大孤山
东莞,dg,0,RTQ,Dongguan,东莞
肇庆,dhd,0,UWQ,DingHuDong,鼎湖东
肇庆,dhs,0,NVQ,DingHuShan,鼎湖山
东莞,dj,0,RRQ,Daojiao,道滘
长沙,dj,0,FWQ,Dongjing,洞井
重庆,dj,0,DJE,Dianjiang,垫江
姚安,dj,0,DIM,Daju,大苴
大荔,dl,0,DNY,Dali,大荔
东莞,dlz,0,KOQ,Dalangzhen,大朗镇
科尔沁左翼后旗,dqg,0,DSD,Daqinggou,大青沟
德清,dq,0,DRH,Deqing,德清
砀山,dsn,0,PRH,Dangshannan,砀山南
敦化,dstn,0,DAL,Dashitounan,大石头南
当涂,dtd,0,OWH,Dangtudong,当涂东
西宁,dtx,0,DTO,Datongxi,大通西
肇庆,dw,0,WWQ,DaWang,大旺
定西,dxb,0,DNJ,Dingxibei,定西北
德兴,dxd,0,DDG,Dexingdong,德兴东
德兴,dx,0,DWG,Dexing,德兴
,dxs,0,IRQ,Danxiashan,丹霞山
黄石,dyb,0,DBN,Dayebei,大冶北
都匀,dyd,0,KJW,Duyundong,都匀东
东营,dyn,0,DOK,Dongyingnan,东营南
大余,dy,0,DYG,Dayu,大余
定州,dzd,0,DOP,Dingzhoudong,定州东
肇庆,dz,0,WZQ,DuanZhou,端州
大足,dzn,0,FQW,Dazunan,大足南
峨眉山,ems,0,IXW,Emeishan,峨眉山
西安,epg,0,EGY,Epanggong,阿房宫
鄂州,ezd,0,EFN,Ezhoudong,鄂州东
防城港,fcgb,0,FBZ,Fangchenggangbei,防城港北
凤凰城,fcd,0,FDT,Fengchengdong,凤城东
富川,fc,0,FDZ,Fuchuan,富川
繁昌,fcx,0,PUH,Fanchangxi,繁昌西
重庆,fd,0,FUW,Fengdu,丰都
涪陵,flb,0,FEW,Fulingbei,涪陵北
阳新,fl,0,FLN,Fenglin,枫林
富宁,fn,0,FNM,Funing,富宁
佛坪,fp,0,FUY,Foping,佛坪
大方,fq,0,FQE,Faqi,法启
长沙,frn,0,KCQ,Furongnan,芙蓉南
重庆,fs,0,FAW,Fusheng,复盛
抚松,fs,0,FSL,Fusong,抚松
佛山,fsx,0,FOQ,Foshanxi,佛山西
澄迈,fsz,0,FZQ,Fushanzhen,福山镇
深圳,ft,0,NZQ,Futian,福田
富源,fyb,0,FBM,Fuyuanbei,富源北
,fy,0,FYB,Fuyuan,抚远
东乡,fzd,0,FDG,Fuzhoudong,抚州东
抚州,fz,0,FZG,Fuzhou,抚州
高安,ga,0,GCG,Gao'an,高安
广安,gan,0,VUW,Guang'annan,广安南
贵阳,ga,0,GAE,Guian,贵安
高碑店,gbdd,0,GMP,Gaobeidiandong,高碑店东
恭城,gc,0,GCZ,Gongcheng,恭城
石家庄,gcn,0,GUP,Gaochengnan,藁城南
贵定,gdb,0,FMW,Guidingbei,贵定北
鄂州,gdn,0,GNN,Gediannan,葛店南
贵定,gdx,0,KIW,Guidingxian,贵定县
广汉,ghb,0,GVW,Guanghanbei,广汉北
沈阳,gh,0,HGD,Gaohua,高花
兴义,gj,0,GEM,Geju,革居
关岭,gl,0,GLE,Guanling,关岭
桂林,glx,0,GEZ,Guilinxi,桂林西
深圳,gmc,0,IMQ,Guangmingcheng,光明城
肇庆,gn,0,FBQ,Guangning,广宁
大连,gns,0,GQT,Guangningsi,广宁寺
广南,gnx,0,GXM,Guangnanxian,广南县
桂平,gp,0,GAZ,Guiping,桂平
扶余,gpz,0,GPT,Gongpengzi,弓棚子
光山,gs,0,GUN,GuangShan,光山
长沙,gs,0,FFQ,Gushan,谷山
长沙,gsl,0,FKQ,Guanshaling,观沙岭
古田,gtb,0,GBS,Gutianbei,古田北
禄丰,gtb,0,GPM,Guangtongbei,广通北
高台,gtn,0,GAJ,Gaotainan,高台南
上杭,gthz,0,STS,Gutianhuizhi,古田会址
贵阳,gyb,0,KQW,Guiyangbei,贵阳北
贵阳,gyd,0,KEW,Guiyangdong,贵阳东
石家庄,gyx,0,GNP,Gaoyixi,高邑西
惠安,ha,0,HNS,Hui'an,惠安
淮北,hbb,0,PLH,Huaibeibei,淮北北
鹤壁,hbd,0,HFF,Hebidong,鹤壁东
,hcg,0,HKB,Hanconggou,寒葱沟
霍城,hc,0,SER,Huocheng,霍城
珲春,hc,0,HUL,Hunchun,珲春
邯郸,hdd,0,HPP,Handandong,邯郸东
惠州,hd,0,KDQ,Huidong,惠东
陇南,hdp,0,HDJ,Hadapu,哈达铺
平安,hdx,0,HDO,Haidongxi,海东西
洪洞,hdx,0,HTV,Hongtongxi,洪洞西
哈尔滨,hebb,0,HTB,Ha'erbinbei,哈尔滨北
合肥,hfbc,0,COH,Hefeibeicheng,合肥北城
合肥,hfn,0,ENH,Hefeinan,合肥南
黄冈,hg,0,KGN,Huanggang,黄冈
黄冈,hgd,0,KAN,Huanggangdong,黄冈东
咸宁,hgqd,0,HNN,Henggouqiaodong,横沟桥东
黄冈,hgx,0,KXN,Huanggangxi,黄冈西
,hh,0,HPB,Honghe,洪河
怀化,hhn,0,KAQ,Huaihuanan,怀化南
郑州,hhjq,0,HCF,Huanghejingqu,黄河景区
鄂州,hh,0,KHN,Huahu,花湖
惠州,hh,0,KHQ,HuiHuan,惠环
武汉,hh,0,IHN,Houhu,后湖
肇庆,hj,0,FAQ,Huaiji,怀集
河口,hkb,0,HBM,Hekoubei,河口北
乐东,hl,0,KLQ,Huangliu,黄流
黄陵,hln,0,VLY,Huanglingnan,黄陵南
汕尾,hm,0,KMQ,Houmen,鲘门
东莞,hm,0,IUQ,Humen,虎门
侯马,hmx,0,HPV,Houmaxi,侯马西
衡南,hn,0,HNG,Hengnan,衡南
淮南,hnd,0,HOH,Huainandong,淮南东
合浦,hp,0,HVZ,Hepu,合浦
霍邱,hq,0,FBH,Huoqiu,霍邱
怀仁,hrd,0,HFV,Huairendong,怀仁东
鄂州,hrd,0,HPN,Huarongdong,华容东
鄂州,hrn,0,KRN,Huarongnan,华容南
黄石,hsb,0,KSN,Huangshibei,黄石北
黄山,hsb,0,NYH,Huangshanbei,黄山北
衡水,hsb,0,IHP,Hengshuibei,衡水北
咸宁,hsqd,0,HLN,Heshengqiaodong,贺胜桥东
,hs,0,VUR,Heshuo,和硕
武汉,hsn,0,KNN,Huashannan,花山南
湘潭,ht,0,KXQ,Hetang,荷塘
合阳,hyb,0,HTY,Heyangbei,合阳北
海阳,hyb,0,HEK,Haiyangbei,海阳北
孝感,hy,0,IYN,Huaiyin,槐荫
西安,hyi,0,KXY,Huyi,鄠邑
大连,hyk,0,HYT,Huayuankou,花园口
霍州,hzd,0,HWV,Huozhoudong,霍州东
惠州,hzn,0,KNQ,Huizhounan,惠州南
东辽,ja,0,JUL,Jian'an,建安
泾川,jc,0,JAJ,Jingchuan,泾川
景德镇,jdzb,0,JDG,Jingdezhenbei,景德镇北
旌德,jd,0,NSH,Jingde,旌德
乐东,jf,0,PFQ,Jianfeng,尖峰
沈阳,jh,0,JHD,Jinhai,近海
蛟河,jhx,0,JOL,Jiaohexi,蛟河西
天津,jlcb,0,JMP,Junliangchengbei,军粮城北
将乐,jl,0,JLS,Jiangle,将乐
郑州,jlh,0,JLF,Jialuhe,贾鲁河
株洲,jls,0,KJQ,Jiulangshan,九郎山
青岛,jmb,0,JVK,Jimobei,即墨北
,jmg,0,JME,Jianmenguan,剑门关
建宁,jnxb,0,JCS,Jianningxianbei,建宁县北
南京,jn,0,JJH,Jiangning,江宁
南京,jnx,0,OKH,Jiangningxi,江宁西
建瓯,jox,0,JUS,Jian'ouxi,建瓯西
酒泉,jqn,0,JNJ,Jiuquannan,酒泉南
句容,jrx,0,JWH,Jurongxi,句容西
建水,js,0,JSM,Jianshui,建水
长沙,js,0,JPQ,Jianshan,尖山
,jss,0,JUN,Jieshoushi,界首市
绩溪,jxb,0,NRH,Jixibei,绩溪北
介休,jxd,0,JDV,Jiexiudong,介休东
泾县,jx,0,LOH,Jingxian,泾县
靖西,jx,0,JMZ,Jingxi,靖西
进贤,jxn,0,JXG,Jinxiannan,进贤南
江油,jyb,0,JBE,Jiangyoubei,江油北
嘉峪关,jygn,0,JBJ,Jiayuguannan,嘉峪关南
成都,jyn,0,JOW,Jianyangnan,简阳南
武汉,jyt,0,JTN,Jinyintan,金银潭
靖宇,jy,0,JYL,Jingyu,靖宇
东方,jyw,0,PYQ,Jinyuewan,金月湾
缙云,jyx,0,PYH,Jinyunxi,缙云西
,jz,0,JZV,Jinzhong,晋中
衡水,jz,0,JEP,Jingzhou,景州
开封,kfb,0,KBF,Kaifengbei,开封北
长沙,kfs,0,FLQ,Kaifusi,开福寺
衢州,kh,0,KHU,Kaihua,开化
凯里,kln,0,QKW,Kailinan,凯里南
库伦旗,kl,0,KLD,Kulun,库伦
昆明,kmn,0,KOM,Kunmingnan,昆明南
揭阳,kt,0,KTQ,Kuitan,葵潭
贵阳,ky,0,KVW,Kaiyang,开阳
隆安,lad,0,IDZ,Long'andong,隆安东
来宾,lbb,0,UCZ,Laibinbei,来宾北
灵壁,lb,0,GMH,Lingbi,灵璧
东莞,lb,0,LTQ,Liaobu,寮步
郑州,lby,0,LCF,Lvboyuan,绿博园
隆昌,lcb,0,NWW,Longchangbei,隆昌北
乐昌,lcd,0,ILQ,lechangdong,乐昌东
临城,lc,0,UUP,Lincheng,临城
河池,lc,0,VCZ,Luocheng,罗城
,lc,0,LGK,Lingcheng,陵城
澄迈,lcz,0,ACQ,Laochengzhen,老城镇
贵阳,ldb,0,FVW,Longdongbao,龙洞堡
乐都,ldn,0,LVO,Ledunan,乐都南
娄底,ldn,0,UOQ,Loudinan,娄底南
乐东,ld,0,UQQ,Ledong,乐东
成都,ldgy,0,INW,Liduigongyuan,离堆公园
汕尾,lf,0,LLQ,Lufeng,陆丰
惠州,lf,0,KFQ,LongFeng,龙丰
禄丰,lfn,0,LQM,Lufengnan,禄丰南
临汾,lfx,0,LXV,Linfenxi,临汾西
临高,lgn,0,KGQ,Lingaonan,临高南
长沙,lg,0,BNQ,Lugu,麓谷
唐山,lh,0,UDP,Luanhe,滦河
漯河,lhx,0,LBN,Luohexi,漯河西
,ljd,0,IKW,Luojiangdong,罗江东
柳州,lj,0,UQZ,Liujiang,柳江
,ljn,0,LNK,Lijinnan,利津南
兰考,lkn,0,LUF,Lankaonan,兰考南
,llb,0,COK,Lanlingbei,兰陵北
龙里,llb,0,KFW,Longlibei,龙里北
惠州,llb,0,KBQ,LiLinBei,沥林北
醴陵,lld,0,UKQ,Lilingdong,醴陵东
陇南,ln,0,INJ,Longnan,陇南
梁平,lpn,0,LPE,Liangpingnan,梁平南
礼泉,lq,0,LGY,Liquan,礼泉
灵石,lsd,0,UDV,Lingshidong,灵石东
乐山,ls,0,IVW,Leshan,乐山
井冈山,ls,0,LAG,Longshi,龙市
南京,ls,0,LDH,Lishui,溧水
贵阳,lwsj,0,KRW,Luowansanjiang,洛湾三江
莱西,lxb,0,LBK,Laixibei,莱西北
溧阳,ly,0,LEH,Liyang,溧阳
,ly,0,LUK,Linyi,临邑
安西,lyn,0,LNR,Liuyuannan,柳园南
鹿寨,lzb,0,LSZ,Luzhaibei,鹿寨北
,lz,0,LZE,Langzhong,阆中
临泽,lzn,0,LDJ,Linzenan,临泽南
马鞍山,masd,0,OMH,Ma'anshandong,马鞍山东
孝感,mc,0,MHN,Maochen,毛陈
明港,mgd,0,MDN,Minggangdong,明港东
海东,mhn,0,MNO,Minhenan,民和南
孝感,mj,0,MJN,Minji,闵集
,ml,0,MLR,Malan,马兰
民乐,ml,0,MBJ,Minle,民乐
弥勒,ml,0,MLM,Mile,弥勒
玛纳斯,mns,0,MSR,Manasi,玛纳斯
烟台,mp,0,MBK,Muping,牟平
闽清,mqb,0,MBS,Minqingbei,闽清北
民权,mqb,0,MIF,Minquanbei,民权北
眉山,msd,0,IUW,Meishandong,眉山东
武汉,ms,0,MSN,Miaoshan,庙山
定西,mx,0,MXJ,Minxian,岷县
,my,0,MYO,Menyuan,门源
长沙,my,0,KIQ,Muyun,暮云
蒙自,mzb,0,MBM,Mengzibei,蒙自北
郑州,mz,0,MZF,Mengzhuang,孟庄
蒙自,mz,0,MZM,Mengzi,蒙自
南部,nb,0,NBE,Nanbu,南部
郑州,nc,0,NEF,Nancao,南曹
南充,ncb,0,NCE,Nanchongbei,南充北
南城,nc,0,NDG,Nancheng,南城
南昌,ncx,0,NXG,Nanchangxi,南昌西
银川,ndn,0,NDJ,NingDongNan,宁东南
银川,nd,0,NOJ,NingDong,宁东
本溪,nfb,0,NUT,Nanfenbei,南芬北
南丰,nf,0,NFG,Nanfeng,南丰
武汉,nhd,0,NDN,Nanhudong,南湖东
内江,njb,0,NKW,Neijiangbei,内江北
贵阳,nj,0,FIW,Nanjiang,南江
云浮,njk,0,NDQ,Nanjiangkou,南江口
南陵,nl,0,LLH,Nanling,南陵
尼木,nm,0,NMO,Nimu,尼木
南宁,nnd,0,NFZ,Nanningdong,南宁东
南宁,nnx,0,NXZ,Nanningxi,南宁西
南平,npb,0,NBS,Nanpingbei,南平北
宁强,nqn,0,NOY,Ningqiangnan,宁强南
南雄,nx,0,NCQ,Nanxiong,南雄
纳雍,ny,0,NYE,Nayong,纳雍
郑州,nyz,0,NYF,Nanyangzhai,南阳寨
武汉,pa,0,PAN,Pu'an,普安
普安,pax,0,PUE,Puanxian,普安县
屏边,pb,0,PBM,Pingbian,屏边
平坝,pbn,0,PBE,Pingbanan,平坝南
平昌,pc,0,PCE,Pingchang,平昌
安顺,pd,0,PGW,Puding,普定
青岛,pd,0,PAK,Pingdu,平度
大连,pk,0,PUT,Pikou,皮口
武汉,plc,0,PNN,Panlongcheng,盘龙城
揭阳,pn,0,PEQ,Puning,普宁
平南,pnn,0,PAZ,Pingnannan,平南南
彭山,psb,0,PPW,Pengshanbei,彭山北
盘山,ps,0,PUD,Panshan,盘山
临沂,ps,0,PSK,Pingshang,坪上
萍乡,pxb,0,PBG,Pingxiangbei,萍乡北
濮阳,py,0,PYF,Puyang,濮阳
波阳,py,0,PYG,Poyang,鄱阳
平遥,pygc,0,PDV,Pingyaogucheng,平遥古城
平原,pyd,0,PUK,Pingyuandong,平原东
丘北,pzh,0,PZM,Puzhehei,普者黑
盘县,pz,0,PAE,Panzhou,盘州
成都,pz,0,PMW,Pengzhou,彭州
秦安,qa,0,QGJ,Qinan,秦安
成都,qbjd,0,QFW,Qingbaijiangdong,青白江东
青川,qc,0,QCE,Qingchuan,青川
青岛,qdb,0,QHK,Qingdaobei,青岛北
祁东,qd,0,QMQ,Qidong,祁东
大连,qd,0,QET,Qingdui,青堆
,qf,0,QFB,Qianfeng,前锋
曲靖,qjb,0,QBM,Qujingbei,曲靖北
建水,qj,0,QIM,Qujiang,曲江
江油,ql,0,QEW,Qinglian,青莲
齐齐哈尔,qqhen,0,QNB,Qiqiha'ernan,齐齐哈尔南
酒泉,qsb,0,QEJ,Qingshuibei,清水北
青神,qs,0,QVW,Qingshen,青神
岐山,qs,0,QAY,Qishan,岐山
广州,qs,0,QSQ,Qingsheng,庆盛
拉萨,qsx,0,QSO,Qushuixian,曲水县
祁县,qxd,0,QGV,Qixiandong,祁县东
乾县,qx,0,QBY,Qianxian,乾县
卓资,qxyn,0,QNC,Qixiayingnan,旗下营南
祁阳,qy,0,QWQ,Qiyang,祁阳
全州,qzn,0,QNZ,Quanzhounan,全州南
昌江,qzw,0,QZQ,Qiziwan,棋子湾
仁布,rb,0,RUO,Renbu,仁布
重庆,rcb,0,RQW,Rongchangbei,荣昌北
荣成,rc,0,RCK,Rongcheng,荣成
瑞昌,rcx,0,RXG,Ruichangxi,瑞昌西
如东,rd,0,RIH,Rudong,如东
榕江,rj,0,RVW,Rongjiang,榕江
日咯则,rkz,0,RKO,Rikaze,日喀则
潮州,rp,0,RVQ,Raoping,饶平
开封,scl,0,SFF,Songchenglu,宋城路
靖宇,sdh,0,SDL,Sandaohu,三道湖
邵东,sd,0,FIQ,Shaodong,邵东
三都,sdx,0,KKW,Sanduxian,三都县
霸州,sf,0,SUP,Shengfang,胜芳
双峰,sfb,0,NFQ,Shuangfengbei,双峰北
商河,sh,0,SOK,Shanghe,商河
泗洪,sh,0,GQH,Sihong,泗洪
肇庆,sh,0,AHQ,SiHui,四会
石家庄,sjzd,0,SXP,Shijiazhuangdong,石家庄东
三江县,sjn,0,SWZ,Sanjiangnan,三江南
扶余,sjz,0,OJT,Sanjingzi,三井子
成都,sljc,0,IPW,Shuangliujichang,双流机场
石林,slx,0,SYM,Shilinxi,石林西
张家口,slzx,0,IXP,Shalingzixi,沙岭子西
成都,slx,0,IQW,Shuangliuxi,双流西
三明,smb,0,SHS,Sanmingbei,三明北
昆明,sm,0,SVM,Songming,嵩明
长沙,sml,0,FMQ,Shumuling,树木岭
苏尼特左旗,sntzq,0,ONC,Sunitezuoqi,苏尼特左旗
武汉,spd,0,SBN,Shanpodong,山坡东
,sq,0,SQE,Shiqiao,石桥
沈丘,sq,0,SQN,Shenqiu,沈丘
鄯善,ssb,0,SMR,Shanshanbei,鄯善北
佛山,ssb,0,NSQ,ShiShanBei,狮山北
佛山,ssb,0,ARQ,SanShuiBei,三水北
东莞,sshb,0,KUQ,Songshanhubei,松山湖北
佛山,ss,0,KSQ,ShiShan,狮山
三水,ssn,0,RNQ,Sanshuinan,三水南
韶山,ssn,0,INQ,Shaoshannan,韶山南
三穗,ss,0,QHW,Sansui,三穗
,st,0,STE,Shiti,石梯
汕尾,sw,0,OGQ,Shanwei,汕尾
歙县,sxb,0,NPH,Shexianbei,歙县北
绍兴,sxb,0,SLH,Shaoxingbei,绍兴北
上虞,sxd,0,SSH,Shaoxingdong,绍兴东
泗县,sx,0,GPH,Sixian,泗县
始兴,sx,0,IPQ,Shixing,始兴
泗阳,sy,0,MPH,Siyang,泗阳
长春,sy,0,OYT,Shuangyang,双阳
邵阳,syb,0,OVQ,Shaoyangbei,邵阳北
前郭尔罗斯,syb,0,OCT,Songyuanbei,松原北
山阴,sy,0,SNV,Shanyin,山阴
沈阳,syn,0,SOT,Shenyangnan,沈阳南
深圳,szb,0,IOQ,Shenzhenbei,深圳北
万宁,sz,0,SRQ,Shenzhou,神州
深圳,szps,0,IFQ,Shenzhenpingshan,深圳坪山
石嘴山,szs,0,QQJ,Shizuishan,石嘴山
重庆,szx,0,OSW,Shizhuxian,石柱县
台安,tan,0,TAD,Taiannan,台安南
桃村,tcb,0,TOK,Taocunbei,桃村北
田东,tdb,0,TBZ,Tiandongbei,田东北
武汉,tdtd,0,TTN,Tuditangdong,土地堂东
太谷,tgx,0,TIV,Taiguxi,太谷西
鄯善,th,0,THR,Tuha,吐哈
通海,th,0,TAM,Tonghai,通海
周口,thb,0,JYN,Taihebei,太和北
武汉,thjc,0,TJN,Tianhejichang,天河机场
武汉,thj,0,TEN,Tianhejie,天河街
通化县,thx,0,TXL,Tonghuaxian,通化县
同江,tj,0,TJB,TongJiang,同江
铜陵,tlb,0,KXH,Tonglingbei,铜陵北
吐鲁番,tlfb,0,TAR,Tulufanbei,吐鲁番北
泰宁,tn,0,TNS,Taining,泰宁
玉屏,trn,0,TNW,Tongrennan,铜仁南
天水,tsn,0,TIJ,Tianshuinan,天水南
通渭,tw,0,TWJ,Tongwei,通渭
株洲,txd,0,KQQ,Tianxindong,田心东
武汉,txh,0,THN,Tangxunhu,汤逊湖
藤县,tx,0,TAZ,Tengxian,藤县
太原,tyn,0,TNV,Taiyuannan,太原南
凤凰城,typx,0,TST,Tongyuanpuxi,通远堡西
威海,wdd,0,WGK,Wendengdong,文登东
,wfs,0,WFG,Wufushan,五府山
敦化,whlb,0,WBL,Weihulingbei,威虎岭北
威海,whb,0,WHK,Weihaibei,威海北
集宁,wlcb,0,WPC,Wulanchabu,乌兰察布
丹东,wlbd,0,WMT,Wulongbeidong,五龙背东
武汉,wlqn,0,WFN,Wulongquannan,乌龙泉南
乌鲁木齐,wlmq,0,WAR,Wulumuqi,乌鲁木齐
桓仁,wns,0,WET,Wunvshan,五女山
武胜,ws,0,WSE,Wusheng,武胜
芜湖,ww,0,IIH,Wuwei,无为
溧阳,wws,0,WAH,Wawushan,瓦屋山
闻喜,wxx,0,WOV,Wenxixi,闻喜西
武义,wyb,0,WDH,Wuyibei,武义北
武夷山,wysb,0,WBS,Wuyishanbei,武夷山北
武夷山,wysd,0,WCS,Wuyishandong,武夷山东
婺源,wy,0,WYG,Wuyuan,婺源
定西,wy,0,WEJ,Weiyuan,渭源
万州,wzb,0,WZE,Wanzhoubei,万州北
武陟,wz,0,WIF,Wuzhi,武陟
梧州,wzn,0,WBZ,Wuzhounan,梧州南
兴安,xab,0,XDZ,Xing'anbei,兴安北
许昌,xcd,0,XVF,Xuchangdong,许昌东
项城,xc,0,ERN,Xiangcheng,项城
成都,xdd,0,EWW,Xindudong,新都东
西丰,xf,0,XFT,Xifeng,西丰
长沙,xf,0,NQQ,Xianfeng,先锋
长沙,xfl,0,FVQ,Xiangfulu,湘府路
襄汾,xfx,0,XTV,Xiangfenxi,襄汾西
孝感,xgb,0,XJN,Xiaoganbei,孝感北
孝感,xgd,0,GDN,Xiaogandong,孝感东
惠州,xhd,0,WDQ,XiHuDong,西湖东
新化,xhn,0,EJQ,Xinhuanan,新化南
新晃,xhx,0,EWQ,Xinhuangxi,新晃西
成都,xj,0,IRW,Xinjin,新津
惠州,xjk,0,NKQ,XiaoJinKou,小金口
成都,xjn,0,ITW,Xinjinnan,新津南
石家庄,xjn,0,IJP,Xinjinan,辛集南
咸宁,xnd,0,XKN,Xianningdong,咸宁东
咸宁,xnn,0,UNN,Xianningnan,咸宁南
溆浦,xpn,0,EMQ,Xupunan,溆浦南
东莞,xpx,0,EGQ,Xipingxi,西平西
湘潭,xtb,0,EDQ,Xiangtanbei,湘潭北
邢台,xtd,0,EDP,Xingtaidong,邢台东
西乌珠穆沁旗,xwq,0,XWC,Xiwuqi,西乌旗
修武,xwx,0,EXF,Xiuwuxi,修武西
萧县,xxb,0,QSH,Xiaoxianbei,萧县北
新乡,xxd,0,EGF,Xinxiangdong,新乡东
新余,xyb,0,XBG,Xinyubei,新余北
高平,xyc,0,XQF,Xiyangcun,西阳村
信阳,xyd,0,OYN,Xinyangdong,信阳东
咸阳,xyqd,0,XOY,Xianyangqindu,咸阳秦都
莆田,xy,0,XWS,Xianyou,仙游
郑州,xzjc,0,EZF,Xinzhengjichang,新郑机场
长沙,xzl,0,FNQ,Xiangzhanglu,香樟路
成都,ybl,0,YFW,Yingbinlu,迎宾路
永城,ycb,0,RGH,Yongchengbei,永城北
运城,ycb,0,ABV,Yunchengbei,运城北
永川,ycd,0,WMW,Yongchuandong,永川东
禹城,ycd,0,YSK,Yuchengdong,禹城东
宜春,yc,0,YEG,Yichun,宜春
岳池,yc,0,AWW,Yuechi,岳池
佛山,ydh,0,NAQ,YunDongHai,云东海
广元,yd,0,AOJ,Yaodu,姚渡
云浮,yfd,0,IXQ,Yunfudong,云浮东
永福,yfn,0,YBZ,Yongfunan,永福南
盘县,yg,0,VTM,Yuge,雨格
宿迁,yh,0,GTH,Yanghe,洋河
永济,yjb,0,AJV,Yongjibei,永济北
芜湖,yj,0,RVH,Yijiang,弋江
天津,yjp,0,YKP,Yujiapu,于家堡
延吉,yjx,0,YXL,Yanjixi,延吉西
永康,ykn,0,QUH,Yongkangnan,永康南
开封,ylh,0,YEF,Yunlianghe,运粮河
炎陵,yl,0,YAG,Yanling,炎陵
杨陵,yln,0,YEY,Yanglingnan,杨陵南
,ym,0,YMX,Yimin,伊敏
云浮,yn,0,YKQ,Yunan,郁南
东莞,yp,0,KPQ,YinPing,银瓶
永寿,ys,0,ASY,Yongshou,永寿
阳朔,ys,0,YCZ,Yangshuo,阳朔
惠州,ys,0,KZQ,YunShan,云山
玉山,ysn,0,YGG,Yushannan,玉山南
儋州,yt,0,CTQ,Yintan,银滩
永泰,yt,0,YTS,Yongtai,永泰
鹰潭,ytb,0,YKG,Yingtanbei,鹰潭北
烟台,ytn,0,YLK,Yantainan,烟台南
,yt,0,YTL,Yitong,伊通
尤溪,yx,0,YXS,Youxi,尤溪
云霄,yx,0,YBS,Yunxiao,云霄
宜兴,yx,0,YUH,Yixing,宜兴
玉溪,yx,0,AXM,Yuxi,玉溪
阳信,yx,0,YVK,Yangxin,阳信
应县,yx,0,YZV,Yingxian,应县
攸县,yxn,0,YXG,Youxiannan,攸县南
洋县,yxx,0,YXY,Yangxianxi,洋县西
余姚,yyb,0,CTH,Yuyaobei,余姚北
兰州,yz,0,IZJ,Yuzhong,榆中
诏安,za,0,ZDS,Zhao'an,诏安
石家庄,zdjc,0,ZHP,Zhengdingjichang,正定机场
武汉,zfd,0,ZMN,Zhifangdong,纸坊东
大连,zhb,0,ZUT,Zhuanghebei,庄河北
广元,zh,0,ZHW,Zhaohua,昭化
织金,zjb,0,ZJE,Zhijinbei,织金北
芷江,zj,0,ZPQ,Zhijiang,芷江
织金,zj,0,IZW,Zhijin,织金
惠州,zk,0,KKQ,ZhongKai,仲恺
,zk,0,ZKE,Zengkou,曾口
武汉,zl,0,ZSN,Zuoling,左岭
东莞,zmtd,0,ZRQ,ZhangMuTouDong,樟木头东
驻马店,zmdx,0,ZLN,Zhumadianxi,驻马店西
漳浦,zp,0,ZCS,Zhangpu,漳浦
肇庆,zqd,0,FCQ,Zhaoqingdong,肇庆东
宁波,zq,0,ZQH,Zhuangqiao,庄桥
湘潭,zs,0,KWQ,Zhaoshan,昭山
钟山,zsx,0,ZAZ,Zhongshanxi,钟山西
定西,zx,0,ZXJ,Zhangxian,漳县
资阳,zyb,0,FYW,Ziyangbei,资阳北
张掖,zyx,0,ZEJ,Zhangyexi,张掖西
资中,zzb,0,WZW,Zizhongbei,资中北
涿州,zzd,0,ZAP,Zhuozhoudong,涿州东
枣庄,zzd,0,ZNK,Zaozhuangdong,枣庄东
卓资,zzd,0,ZDC,Zhuozidong,卓资东
郑州,zzd,0,ZAF,Zhengzhoudong,郑州东
株洲,zzn,0,KVQ,Zhuzhounan,株洲南

